Application_ID	Region	Risk_Band	Applied_Amount	Status	Date_Submitted	Time_to_Approve_Hrs_Clean	Efficiency_Flag	BSA_Risk_Level	Customer_Age	Is_High_Risk
102192	Fort_Hood	C_High_Risk	629.72	Approved	2025-07-04 12:53:05.572768+00:00	20.63	On_Target	High_Risk_Anomaly	22	1
102828	Killeen	C_High_Risk	9236.46	Approved	2025-11-14 04:27:12.572768+00:00	12.1	On_Target	High_Risk_Anomaly	38	1
105467	Temple	C_High_Risk	993.57	Approved	2025-12-05 10:00:35.572768+00:00	8.86	On_Target	High_Risk_Anomaly	27	1
100980	Killeen	C_High_Risk	636.25	Approved	2025-07-25 03:49:09.572768+00:00	3.69	On_Target	High_Risk_Anomaly	33	1
101688	Fort_Hood	C_High_Risk	11190.43	Denied	2025-06-20 05:48:03.572768+00:00	22.42	Not_Applicable_Yet	High_Risk_Anomaly	40	1
100211	Fort_Hood	C_High_Risk	1533.76	Denied	2025-09-26 20:18:36.572768+00:00	44.41	Not_Applicable_Yet	High_Risk_Anomaly	61	1
101158	Temple	C_High_Risk	11893.76	Approved	2025-10-10 11:42:44.572768+00:00	19.49	On_Target	High_Risk_Anomaly	43	1
100579	Killeen	C_High_Risk	3360.79	Approved	2025-07-11 11:35:08.572768+00:00	18.66	On_Target	High_Risk_Anomaly	45	1
104975	Killeen	C_High_Risk	4867.02	Approved	2025-09-12 04:03:15.572768+00:00	24.95	Needs_Review	High_Risk_Anomaly	54	1
103032	Waco	C_High_Risk	500	Denied	2025-11-07 23:26:53.572768+00:00	14	Not_Applicable_Yet	High_Risk_Anomaly	62	1
106679	Fort_Hood	C_High_Risk	3224.02	Denied	2025-08-22 01:34:29.572768+00:00	18.17	Not_Applicable_Yet	High_Risk_Anomaly	41	1
100901	Killeen	C_High_Risk	5079.99	Pending_Review	2025-10-24 07:52:39.572768+00:00	999	Not_Applicable_Yet	High_Risk_Anomaly	44	1
102002	Temple	C_High_Risk	500	Approved	2025-06-20 03:34:20.572768+00:00	17.76	On_Target	High_Risk_Anomaly	45	1
107345	Killeen	C_High_Risk	857.73	Pending_Review	2025-08-15 15:28:21.572768+00:00	999	Not_Applicable_Yet	High_Risk_Anomaly	40	1
100750	Killeen	C_High_Risk	18968.79	Denied	2025-11-21 14:44:38.572768+00:00	37.13	Not_Applicable_Yet	High_Risk_Anomaly	43	1
106877	Killeen	C_High_Risk	2659.21	Approved	2025-09-26 18:42:14.572768+00:00	13.46	On_Target	High_Risk_Anomaly	60	1
102193	Fort_Hood	C_High_Risk	3613.77	Approved	2025-10-31 15:06:43.572768+00:00	11.36	On_Target	High_Risk_Anomaly	62	1
100591	Fort_Hood	C_High_Risk	1799.98	Approved	2025-12-05 04:37:55.572768+00:00	11.16	On_Target	High_Risk_Anomaly	56	1
106153	Killeen	C_High_Risk	2718.22	Pending_Review	2025-07-04 20:31:44.572768+00:00	999	Not_Applicable_Yet	High_Risk_Anomaly	62	1
107804	Killeen	C_High_Risk	609.27	Approved	2025-10-10 00:51:33.572768+00:00	12.69	On_Target	High_Risk_Anomaly	41	1
108086	Round_Rock	C_High_Risk	8181.94	Approved	2025-11-21 14:22:02.572768+00:00	8.12	On_Target	High_Risk_Anomaly	26	1
102069	Killeen	C_High_Risk	1390.15	Approved	2025-10-03 12:51:23.572768+00:00	6.82	On_Target	High_Risk_Anomaly	57	1
108138	Fort_Hood	C_High_Risk	15494.56	Approved	2025-11-07 22:11:46.572768+00:00	7.86	On_Target	High_Risk_Anomaly	62	1
105248	Fort_Hood	C_High_Risk	684.55	Approved	2025-08-08 01:05:44.572768+00:00	22.1	On_Target	High_Risk_Anomaly	27	1
101850	Killeen	B_Med_Risk	3422.1	Denied	2025-11-14 11:25:58.572768+00:00	33.86	Not_Applicable_Yet	High_Risk_Anomaly	54	1
108826	Fort_Hood	B_Med_Risk	3317.01	Approved	2025-10-24 13:39:08.572768+00:00	11.34	On_Target	High_Risk_Anomaly	53	1
109345	Round_Rock	B_Med_Risk	691.06	Approved	2025-06-27 16:10:33.572768+00:00	8.08	On_Target	High_Risk_Anomaly	40	1
101243	Waco	B_Med_Risk	15761.89	Denied	2025-11-21 14:54:19.572768+00:00	23.17	Not_Applicable_Yet	High_Risk_Anomaly	26	1
104339	Killeen	B_Med_Risk	752.17	Approved	2025-08-08 03:21:23.572768+00:00	20.97	On_Target	High_Risk_Anomaly	43	1
100726	Killeen	B_Med_Risk	500	Approved	2025-08-22 08:49:06.572768+00:00	12.21	On_Target	High_Risk_Anomaly	58	1
102175	Waco	B_Med_Risk	3534.29	Approved	2025-08-15 05:08:10.572768+00:00	15.34	On_Target	High_Risk_Anomaly	40	1
108143	Killeen	B_Med_Risk	14603.23	Pending_Review	2025-12-12 12:37:01.572768+00:00	999	Not_Applicable_Yet	High_Risk_Anomaly	50	1
107446	Fort_Hood	B_Med_Risk	1170.36	Approved	2025-10-10 08:37:58.572768+00:00	24.76	Needs_Review	High_Risk_Anomaly	45	1
101131	Fort_Hood	B_Med_Risk	14031.19	Denied	2025-10-24 11:52:23.572768+00:00	3.12	Not_Applicable_Yet	High_Risk_Anomaly	23	1
109992	Fort_Hood	B_Med_Risk	1275.57	Pending_Review	2025-11-07 03:17:35.572768+00:00	999	Not_Applicable_Yet	High_Risk_Anomaly	34	1
104661	Fort_Hood	B_Med_Risk	1738.71	Approved	2025-12-05 16:36:04.572768+00:00	4	On_Target	High_Risk_Anomaly	31	1
100426	Killeen	B_Med_Risk	1305.54	Approved	2025-08-01 13:50:50.572768+00:00	3.02	On_Target	High_Risk_Anomaly	33	1
100260	Fort_Hood	B_Med_Risk	7314.34	Denied	2025-11-07 06:01:03.572768+00:00	31.78	Not_Applicable_Yet	High_Risk_Anomaly	58	1
105239	Killeen	B_Med_Risk	1302.77	Approved	2025-06-27 01:11:33.572768+00:00	10.48	On_Target	High_Risk_Anomaly	46	1
105184	Waco	B_Med_Risk	2008.06	Approved	2025-07-11 05:19:46.572768+00:00	15.74	On_Target	High_Risk_Anomaly	29	1
103768	Killeen	B_Med_Risk	1703.32	Approved	2025-09-05 04:21:08.572768+00:00	6.2	On_Target	High_Risk_Anomaly	25	1
105593	Round_Rock	B_Med_Risk	1984.89	Denied	2025-07-04 13:10:24.572768+00:00	36.18	Not_Applicable_Yet	High_Risk_Anomaly	43	1
109103	Waco	B_Med_Risk	1777.53	Denied	2025-08-15 01:01:13.572768+00:00	68.22	Not_Applicable_Yet	High_Risk_Anomaly	46	1
107662	Waco	B_Med_Risk	15292.32	Approved	2025-12-12 10:41:27.572768+00:00	22	On_Target	High_Risk_Anomaly	53	1
105557	Waco	B_Med_Risk	2264.18	Approved	2025-10-10 07:23:40.572768+00:00	19.34	On_Target	High_Risk_Anomaly	22	1
108156	Waco	B_Med_Risk	601.39	Pending_Review	2025-11-28 03:18:00.572768+00:00	999	Not_Applicable_Yet	High_Risk_Anomaly	44	1
101439	Fort_Hood	B_Med_Risk	1797.6	Denied	2025-07-04 05:16:20.572768+00:00	13.75	Not_Applicable_Yet	High_Risk_Anomaly	50	1
100971	Temple	B_Med_Risk	2362.9	Approved	2025-08-08 06:08:49.572768+00:00	15.61	On_Target	High_Risk_Anomaly	36	1
108027	Killeen	B_Med_Risk	5635.26	Denied	2025-08-29 02:41:02.572768+00:00	46.81	Not_Applicable_Yet	High_Risk_Anomaly	42	1
107676	Waco	B_Med_Risk	1235.07	Approved	2025-12-12 06:58:29.572768+00:00	10.15	On_Target	High_Risk_Anomaly	52	1
106063	Fort_Hood	B_Med_Risk	1520.86	Approved	2025-08-15 06:43:09.572768+00:00	27.49	Needs_Review	High_Risk_Anomaly	32	1
108609	Temple	B_Med_Risk	17087.81	Denied	2025-07-25 22:33:37.572768+00:00	8.17	Not_Applicable_Yet	High_Risk_Anomaly	38	1
105551	Killeen	B_Med_Risk	13095.86	Approved	2025-08-15 17:01:29.572768+00:00	12.65	On_Target	High_Risk_Anomaly	55	1
101479	Killeen	B_Med_Risk	16757.28	Approved	2025-08-08 02:09:19.572768+00:00	6.58	On_Target	High_Risk_Anomaly	47	1
102704	Waco	B_Med_Risk	1204.56	Approved	2025-08-15 18:59:30.572768+00:00	34.53	Needs_Review	High_Risk_Anomaly	24	1
109549	Round_Rock	B_Med_Risk	1528.49	Approved	2025-09-12 23:58:29.572768+00:00	10.33	On_Target	High_Risk_Anomaly	32	1
105661	Killeen	B_Med_Risk	500	Approved	2025-10-17 03:15:18.572768+00:00	33.76	Needs_Review	High_Risk_Anomaly	54	1
105152	Temple	B_Med_Risk	2802.21	Denied	2025-07-11 09:06:41.572768+00:00	34.43	Not_Applicable_Yet	High_Risk_Anomaly	49	1
102534	Waco	B_Med_Risk	2155.29	Approved	2025-10-17 09:41:43.572768+00:00	20.34	On_Target	High_Risk_Anomaly	63	1
103276	Waco	B_Med_Risk	4861.27	Approved	2025-11-28 18:29:27.572768+00:00	9.24	On_Target	High_Risk_Anomaly	48	1
104470	Temple	B_Med_Risk	2820.54	Approved	2025-10-03 02:16:58.572768+00:00	14.55	On_Target	High_Risk_Anomaly	38	1
109125	Round_Rock	B_Med_Risk	1628.94	Approved	2025-11-28 03:03:36.572768+00:00	12.72	On_Target	High_Risk_Anomaly	35	1
107504	Fort_Hood	B_Med_Risk	728.43	Denied	2025-08-22 15:29:38.572768+00:00	29.6	Not_Applicable_Yet	High_Risk_Anomaly	44	1
100222	Killeen	B_Med_Risk	916.14	Approved	2025-12-12 13:43:37.572768+00:00	16.49	On_Target	High_Risk_Anomaly	23	1
103424	Waco	B_Med_Risk	1027.55	Approved	2025-08-08 01:31:58.572768+00:00	28.07	Needs_Review	High_Risk_Anomaly	29	1
103190	Killeen	B_Med_Risk	671.04	Denied	2025-11-21 04:52:38.572768+00:00	19.69	Not_Applicable_Yet	High_Risk_Anomaly	35	1
104768	Waco	B_Med_Risk	2819	Denied	2025-09-05 12:30:46.572768+00:00	40.85	Not_Applicable_Yet	High_Risk_Anomaly	47	1
101434	Killeen	B_Med_Risk	6951.63	Approved	2025-10-24 09:05:44.572768+00:00	32.28	Needs_Review	High_Risk_Anomaly	26	1
109736	Fort_Hood	B_Med_Risk	742.58	Approved	2025-09-12 20:12:09.572768+00:00	34.69	Needs_Review	High_Risk_Anomaly	57	1
101984	Killeen	B_Med_Risk	1428.23	Denied	2025-09-26 12:32:38.572768+00:00	33.12	Not_Applicable_Yet	High_Risk_Anomaly	51	1
103478	Fort_Hood	B_Med_Risk	4559.15	Approved	2025-09-05 08:01:27.572768+00:00	18.7	On_Target	High_Risk_Anomaly	46	1
103068	Killeen	B_Med_Risk	3707.74	Approved	2025-11-14 02:13:10.572768+00:00	18.37	On_Target	High_Risk_Anomaly	36	1
103739	Fort_Hood	B_Med_Risk	2910.29	Pending_Review	2025-08-29 19:46:53.572768+00:00	999	Not_Applicable_Yet	High_Risk_Anomaly	43	1
101797	Killeen	B_Med_Risk	968.45	Pending_Review	2025-07-25 01:16:59.572768+00:00	999	Not_Applicable_Yet	High_Risk_Anomaly	41	1
102272	Fort_Hood	B_Med_Risk	1626.27	Denied	2025-09-26 19:04:28.572768+00:00	7.2	Not_Applicable_Yet	High_Risk_Anomaly	56	1
102055	Fort_Hood	A_Low_Risk	837.8	Approved	2025-09-12 20:49:15.572768+00:00	12.2	On_Target	High_Risk_Anomaly	42	1
100103	Fort_Hood	A_Low_Risk	1127.45	Approved	2025-07-11 18:05:32.572768+00:00	15.9	On_Target	High_Risk_Anomaly	51	1
101383	Killeen	A_Low_Risk	1408.86	Approved	2025-11-28 09:00:05.572768+00:00	22.63	On_Target	High_Risk_Anomaly	26	1
105684	Killeen	A_Low_Risk	3086.84	Approved	2025-07-25 23:32:51.572768+00:00	8.16	On_Target	High_Risk_Anomaly	50	1
107816	Killeen	A_Low_Risk	11480.07	Pending_Review	2025-11-07 03:32:45.572768+00:00	999	Not_Applicable_Yet	High_Risk_Anomaly	47	1
100262	Killeen	A_Low_Risk	500	Approved	2025-06-27 16:03:55.572768+00:00	8.61	On_Target	High_Risk_Anomaly	28	1
101099	Killeen	A_Low_Risk	1681.43	Approved	2025-12-12 12:52:13.572768+00:00	2.8	On_Target	High_Risk_Anomaly	40	1
105403	Killeen	A_Low_Risk	1412.83	Approved	2025-12-12 02:58:13.572768+00:00	10.19	On_Target	High_Risk_Anomaly	54	1
107566	Temple	A_Low_Risk	2219.89	Pending_Review	2025-07-25 19:54:06.572768+00:00	999	Not_Applicable_Yet	High_Risk_Anomaly	39	1
100496	Fort_Hood	A_Low_Risk	3304.79	Denied	2025-07-18 23:23:21.572768+00:00	48.43	Not_Applicable_Yet	High_Risk_Anomaly	22	1
101684	Killeen	A_Low_Risk	16793.2	Pending_Review	2025-09-05 21:43:12.572768+00:00	999	Not_Applicable_Yet	High_Risk_Anomaly	64	1
106988	Killeen	A_Low_Risk	12407.71	Approved	2025-10-31 18:40:27.572768+00:00	26.19	Needs_Review	High_Risk_Anomaly	49	1
100179	Killeen	A_Low_Risk	1957.42	Approved	2025-10-17 06:54:32.572768+00:00	19.67	On_Target	High_Risk_Anomaly	64	1
100031	Killeen	A_Low_Risk	1677.57	Denied	2025-11-07 00:43:21.572768+00:00	51.34	Not_Applicable_Yet	High_Risk_Anomaly	23	1
103448	Fort_Hood	A_Low_Risk	9179.82	Approved	2025-12-05 01:24:21.572768+00:00	31.56	Needs_Review	High_Risk_Anomaly	33	1
108378	Fort_Hood	A_Low_Risk	1119.48	Approved	2025-10-17 23:26:47.572768+00:00	7.93	On_Target	High_Risk_Anomaly	23	1
109846	Waco	A_Low_Risk	1712.29	Approved	2025-06-27 18:04:29.572768+00:00	15.02	On_Target	High_Risk_Anomaly	24	1
109713	Killeen	A_Low_Risk	500	Approved	2025-06-20 04:07:35.572768+00:00	17.05	On_Target	High_Risk_Anomaly	38	1
104031	Killeen	A_Low_Risk	10590.4	Denied	2025-10-24 21:41:37.572768+00:00	40.3	Not_Applicable_Yet	High_Risk_Anomaly	59	1
103263	Killeen	A_Low_Risk	882.91	Approved	2025-09-05 04:27:54.572768+00:00	6.66	On_Target	High_Risk_Anomaly	25	1
108576	Fort_Hood	A_Low_Risk	8344.28	Denied	2025-10-03 02:00:11.572768+00:00	19.54	Not_Applicable_Yet	High_Risk_Anomaly	40	1
104127	Temple	A_Low_Risk	8282.86	Approved	2025-10-31 17:31:31.572768+00:00	16.03	On_Target	High_Risk_Anomaly	33	1
104088	Waco	A_Low_Risk	7983.5	Approved	2025-10-03 21:55:44.572768+00:00	5.71	On_Target	High_Risk_Anomaly	29	1
106252	Killeen	D_Missing_Risk	4800.41	Approved	2025-10-27 00:54:06.572768+00:00	8.05	On_Target	High_Risk_Anomaly	24	1
107434	Killeen	C_High_Risk	2585.02	Approved	2025-11-03 02:58:45.572768+00:00	6.77	On_Target	High_Risk_Anomaly	32	1
109956	Waco	C_High_Risk	720.72	Approved	2025-09-08 21:45:18.572768+00:00	17.81	On_Target	High_Risk_Anomaly	52	1
105448	Fort_Hood	C_High_Risk	1102.39	Approved	2025-11-03 19:46:50.572768+00:00	5.76	On_Target	High_Risk_Anomaly	23	1
100122	Killeen	C_High_Risk	1202.94	Pending_Review	2025-08-11 15:52:33.572768+00:00	999	Not_Applicable_Yet	High_Risk_Anomaly	26	1
100963	Killeen	C_High_Risk	3073.91	Approved	2025-09-08 09:22:04.572768+00:00	15.74	On_Target	High_Risk_Anomaly	32	1
103171	Killeen	C_High_Risk	12557.14	Denied	2025-07-07 09:54:06.572768+00:00	19.41	Not_Applicable_Yet	High_Risk_Anomaly	36	1
102651	Killeen	C_High_Risk	2192.97	Approved	2025-09-01 18:00:26.572768+00:00	23.36	On_Target	High_Risk_Anomaly	41	1
106372	Temple	C_High_Risk	13007.36	Approved	2025-10-27 05:51:21.572768+00:00	8.73	On_Target	High_Risk_Anomaly	44	1
103100	Killeen	C_High_Risk	13479.24	Approved	2025-12-01 06:25:15.572768+00:00	18.54	On_Target	High_Risk_Anomaly	62	1
102547	Killeen	C_High_Risk	500	Approved	2025-12-01 23:13:53.572768+00:00	24.55	Needs_Review	High_Risk_Anomaly	44	1
103412	Killeen	C_High_Risk	853.86	Approved	2025-10-06 08:16:26.572768+00:00	12.35	On_Target	High_Risk_Anomaly	59	1
102987	Fort_Hood	C_High_Risk	1006.3	Pending_Review	2025-09-15 15:29:53.572768+00:00	999	Not_Applicable_Yet	High_Risk_Anomaly	47	1
103558	Killeen	C_High_Risk	1184.07	Approved	2025-11-17 04:25:07.572768+00:00	9.21	On_Target	High_Risk_Anomaly	53	1
103437	Fort_Hood	C_High_Risk	12551.11	Approved	2025-06-30 10:04:40.572768+00:00	5.68	On_Target	High_Risk_Anomaly	31	1
106910	Killeen	C_High_Risk	4224.53	Denied	2025-11-03 21:56:07.572768+00:00	25.4	Not_Applicable_Yet	High_Risk_Anomaly	26	1
107058	Temple	C_High_Risk	702.97	Approved	2025-10-13 01:18:27.572768+00:00	5.95	On_Target	High_Risk_Anomaly	43	1
100532	Round_Rock	C_High_Risk	7394.58	Pending_Review	2025-10-06 09:30:50.572768+00:00	999	Not_Applicable_Yet	High_Risk_Anomaly	36	1
107430	Killeen	C_High_Risk	5909.96	Approved	2025-06-30 00:23:51.572768+00:00	10.35	On_Target	High_Risk_Anomaly	29	1
106454	Temple	C_High_Risk	3422.28	Approved	2025-12-08 17:48:20.572768+00:00	11.67	On_Target	High_Risk_Anomaly	56	1
105988	Fort_Hood	C_High_Risk	1109.43	Denied	2025-07-14 03:34:43.572768+00:00	12.97	Not_Applicable_Yet	High_Risk_Anomaly	38	1
108923	Waco	C_High_Risk	3191.59	Pending_Review	2025-10-06 07:28:30.572768+00:00	999	Not_Applicable_Yet	High_Risk_Anomaly	52	1
107583	Killeen	B_Med_Risk	1392.91	Pending_Review	2025-11-17 19:34:05.572768+00:00	999	Not_Applicable_Yet	High_Risk_Anomaly	22	1
105655	Killeen	B_Med_Risk	1163.79	Approved	2025-07-07 15:02:24.572768+00:00	6.14	On_Target	High_Risk_Anomaly	46	1
108475	Waco	B_Med_Risk	2767.5	Approved	2025-09-22 02:05:08.572768+00:00	6.64	On_Target	High_Risk_Anomaly	59	1
109931	Killeen	B_Med_Risk	574.89	Approved	2025-12-01 00:05:53.572768+00:00	8.28	On_Target	High_Risk_Anomaly	44	1
108151	Waco	B_Med_Risk	13567.96	Pending_Review	2025-11-03 19:59:16.572768+00:00	999	Not_Applicable_Yet	High_Risk_Anomaly	52	1
101951	Killeen	B_Med_Risk	2851.05	Denied	2025-06-30 17:04:37.572768+00:00	29.37	Not_Applicable_Yet	High_Risk_Anomaly	60	1
109547	Killeen	B_Med_Risk	15794.57	Approved	2025-09-08 23:19:37.572768+00:00	6.12	On_Target	High_Risk_Anomaly	29	1
109745	Fort_Hood	B_Med_Risk	2847.22	Pending_Review	2025-12-01 10:09:28.572768+00:00	999	Not_Applicable_Yet	High_Risk_Anomaly	22	1
107018	Killeen	B_Med_Risk	1261.01	Approved	2025-10-06 07:05:54.572768+00:00	11.41	On_Target	High_Risk_Anomaly	38	1
107056	Waco	B_Med_Risk	500	Denied	2025-10-20 01:29:49.572768+00:00	52.33	Not_Applicable_Yet	High_Risk_Anomaly	61	1
105922	Killeen	B_Med_Risk	722.81	Approved	2025-06-30 02:26:45.572768+00:00	3.33	On_Target	High_Risk_Anomaly	41	1
108987	Temple	B_Med_Risk	1632.6	Approved	2025-09-29 03:00:29.572768+00:00	12.55	On_Target	High_Risk_Anomaly	51	1
101094	Killeen	B_Med_Risk	1390.63	Approved	2025-08-04 06:53:11.572768+00:00	14.25	On_Target	High_Risk_Anomaly	43	1
109112	Fort_Hood	B_Med_Risk	3543.62	Denied	2025-09-22 22:44:19.572768+00:00	42.47	Not_Applicable_Yet	High_Risk_Anomaly	41	1
108446	Fort_Hood	B_Med_Risk	1585.66	Pending_Review	2025-11-10 04:55:24.572768+00:00	999	Not_Applicable_Yet	High_Risk_Anomaly	30	1
108144	Round_Rock	B_Med_Risk	1061.94	Approved	2025-10-20 04:29:34.572768+00:00	12.54	On_Target	High_Risk_Anomaly	60	1
108304	Killeen	B_Med_Risk	2381.73	Approved	2025-07-14 06:09:53.572768+00:00	19.14	On_Target	High_Risk_Anomaly	57	1
109007	Fort_Hood	B_Med_Risk	1856.61	Denied	2025-10-06 13:27:21.572768+00:00	15.44	Not_Applicable_Yet	High_Risk_Anomaly	51	1
104611	Killeen	B_Med_Risk	18899.38	Approved	2025-08-04 07:48:00.572768+00:00	12.39	On_Target	High_Risk_Anomaly	48	1
109571	Killeen	B_Med_Risk	1404.08	Approved	2025-07-07 03:55:27.572768+00:00	13.43	On_Target	High_Risk_Anomaly	36	1
106756	Waco	B_Med_Risk	1651.48	Approved	2025-08-18 13:59:51.572768+00:00	27.85	Needs_Review	High_Risk_Anomaly	22	1
106918	Fort_Hood	B_Med_Risk	544.7	Approved	2025-07-28 10:22:16.572768+00:00	13.31	On_Target	High_Risk_Anomaly	23	1
102931	Fort_Hood	B_Med_Risk	588.45	Pending_Review	2025-07-21 10:35:02.572768+00:00	999	Not_Applicable_Yet	High_Risk_Anomaly	35	1
105332	Killeen	B_Med_Risk	1014.62	Approved	2025-09-15 13:50:40.572768+00:00	14.55	On_Target	High_Risk_Anomaly	58	1
101912	Round_Rock	B_Med_Risk	3329.76	Approved	2025-09-22 18:14:26.572768+00:00	7.18	On_Target	High_Risk_Anomaly	22	1
100672	Killeen	B_Med_Risk	925.48	Approved	2025-07-07 02:40:07.572768+00:00	12.87	On_Target	High_Risk_Anomaly	26	1
106082	Killeen	B_Med_Risk	791.36	Approved	2025-09-08 03:17:23.572768+00:00	4.98	On_Target	High_Risk_Anomaly	50	1
102184	Fort_Hood	B_Med_Risk	7598.84	Approved	2025-06-23 23:59:56.572768+00:00	17.29	On_Target	High_Risk_Anomaly	56	1
106453	Killeen	B_Med_Risk	1989.25	Approved	2025-08-11 15:13:34.572768+00:00	5.89	On_Target	High_Risk_Anomaly	60	1
102138	Killeen	B_Med_Risk	4787.21	Approved	2025-09-15 02:23:47.572768+00:00	11.97	On_Target	High_Risk_Anomaly	41	1
109718	Killeen	B_Med_Risk	7105.89	Pending_Review	2025-08-18 12:15:44.572768+00:00	999	Not_Applicable_Yet	High_Risk_Anomaly	61	1
107617	Waco	A_Low_Risk	1329.72	Approved	2025-11-17 00:59:10.572768+00:00	5.6	On_Target	High_Risk_Anomaly	53	1
100934	Killeen	A_Low_Risk	1759.17	Approved	2025-12-15 11:30:55.572768+00:00	15.76	On_Target	High_Risk_Anomaly	63	1
103047	Killeen	A_Low_Risk	1548.4	Approved	2025-07-28 21:22:09.572768+00:00	25.17	Needs_Review	High_Risk_Anomaly	64	1
103270	Killeen	A_Low_Risk	2696.83	Approved	2025-08-11 04:20:07.572768+00:00	5.81	On_Target	High_Risk_Anomaly	24	1
108058	Fort_Hood	A_Low_Risk	2764.12	Pending_Review	2025-08-18 13:20:42.572768+00:00	999	Not_Applicable_Yet	High_Risk_Anomaly	33	1
106322	Fort_Hood	A_Low_Risk	1680.03	Approved	2025-08-11 07:32:56.572768+00:00	13.64	On_Target	High_Risk_Anomaly	26	1
106132	Fort_Hood	A_Low_Risk	2260.36	Approved	2025-12-01 14:40:56.572768+00:00	16.45	On_Target	High_Risk_Anomaly	48	1
108135	Killeen	A_Low_Risk	14332.21	Pending_Review	2025-11-10 03:47:09.572768+00:00	999	Not_Applicable_Yet	High_Risk_Anomaly	50	1
108473	Killeen	A_Low_Risk	4000.7	Approved	2025-07-07 11:51:44.572768+00:00	24.86	Needs_Review	High_Risk_Anomaly	47	1
105317	Round_Rock	A_Low_Risk	2235.02	Approved	2025-07-21 22:27:34.572768+00:00	26.34	Needs_Review	High_Risk_Anomaly	42	1
107096	Waco	A_Low_Risk	1436.57	Approved	2025-09-22 15:05:30.572768+00:00	11.47	On_Target	High_Risk_Anomaly	45	1
104188	Fort_Hood	A_Low_Risk	3126.6	Pending_Review	2025-09-29 10:22:35.572768+00:00	999	Not_Applicable_Yet	High_Risk_Anomaly	31	1
102947	Fort_Hood	A_Low_Risk	818.46	Approved	2025-08-04 10:32:03.572768+00:00	11.73	On_Target	High_Risk_Anomaly	49	1
109102	Killeen	A_Low_Risk	3382.27	Denied	2025-12-01 18:58:18.572768+00:00	16.49	Not_Applicable_Yet	High_Risk_Anomaly	22	1
106419	Fort_Hood	A_Low_Risk	3869.41	Denied	2025-11-24 01:22:30.572768+00:00	56.17	Not_Applicable_Yet	High_Risk_Anomaly	47	1
109424	Temple	A_Low_Risk	2285.73	Approved	2025-11-03 18:52:46.572768+00:00	7.68	On_Target	High_Risk_Anomaly	29	1
108728	Killeen	A_Low_Risk	14780.02	Denied	2025-11-24 09:22:06.572768+00:00	27.49	Not_Applicable_Yet	High_Risk_Anomaly	57	1
107111	Temple	A_Low_Risk	5063.15	Denied	2025-09-01 19:25:30.572768+00:00	13.74	Not_Applicable_Yet	High_Risk_Anomaly	63	1
103663	Killeen	A_Low_Risk	1364.87	Pending_Review	2025-06-23 01:32:47.572768+00:00	999	Not_Applicable_Yet	High_Risk_Anomaly	22	1
109765	Killeen	A_Low_Risk	6149.19	Approved	2025-06-30 18:43:18.572768+00:00	17.57	On_Target	High_Risk_Anomaly	26	1
109243	Waco	A_Low_Risk	5744.82	Denied	2025-10-13 17:49:57.572768+00:00	58.95	Not_Applicable_Yet	High_Risk_Anomaly	63	1
103810	Fort_Hood	A_Low_Risk	11718.42	Denied	2025-07-28 03:08:04.572768+00:00	114.89	Not_Applicable_Yet	High_Risk_Anomaly	46	1
100297	Killeen	A_Low_Risk	1513.36	Pending_Review	2025-07-14 15:22:38.572768+00:00	999	Not_Applicable_Yet	High_Risk_Anomaly	52	1
107487	Round_Rock	D_Missing_Risk	1770.4	Pending_Review	2025-07-26 01:39:46.572768+00:00	999	Not_Applicable_Yet	High_Risk_Anomaly	31	1
106630	Killeen	D_Missing_Risk	2031.78	Approved	2025-06-21 16:08:16.572768+00:00	16.23	On_Target	High_Risk_Anomaly	43	1
109277	Fort_Hood	C_High_Risk	861.72	Approved	2025-09-20 17:45:32.572768+00:00	13.42	On_Target	High_Risk_Anomaly	31	1
103080	Waco	C_High_Risk	13506.34	Approved	2025-11-22 23:47:21.572768+00:00	11.39	On_Target	High_Risk_Anomaly	50	1
103403	Killeen	C_High_Risk	1169.55	Approved	2025-10-25 20:45:04.572768+00:00	16.12	On_Target	High_Risk_Anomaly	25	1
109437	Killeen	C_High_Risk	1003.11	Denied	2025-09-20 21:10:09.572768+00:00	28.79	Not_Applicable_Yet	High_Risk_Anomaly	36	1
101540	Waco	C_High_Risk	8769.08	Denied	2025-06-21 03:48:06.572768+00:00	25.97	Not_Applicable_Yet	High_Risk_Anomaly	62	1
103005	Waco	C_High_Risk	1071.75	Approved	2025-06-21 14:29:31.572768+00:00	10.34	On_Target	High_Risk_Anomaly	50	1
101323	Killeen	C_High_Risk	3621.13	Approved	2025-08-09 15:06:51.572768+00:00	19.28	On_Target	High_Risk_Anomaly	36	1
100234	Killeen	C_High_Risk	4537.37	Denied	2025-09-13 20:08:21.572768+00:00	46.26	Not_Applicable_Yet	High_Risk_Anomaly	43	1
106635	Killeen	C_High_Risk	1069.94	Approved	2025-07-05 00:20:52.572768+00:00	4.71	On_Target	High_Risk_Anomaly	44	1
100053	Temple	C_High_Risk	2729.54	Approved	2025-11-01 23:55:19.572768+00:00	11.67	On_Target	High_Risk_Anomaly	26	1
105709	Temple	C_High_Risk	4786.18	Approved	2025-08-02 03:40:24.572768+00:00	29.42	Needs_Review	High_Risk_Anomaly	53	1
104638	Waco	C_High_Risk	2696.69	Denied	2025-10-11 18:51:16.572768+00:00	47.1	Not_Applicable_Yet	High_Risk_Anomaly	25	1
101151	Waco	C_High_Risk	1606.96	Denied	2025-07-19 10:40:56.572768+00:00	24.03	Not_Applicable_Yet	High_Risk_Anomaly	24	1
104584	Fort_Hood	C_High_Risk	1976.75	Approved	2025-09-27 05:16:43.572768+00:00	18.81	On_Target	High_Risk_Anomaly	42	1
101399	Waco	C_High_Risk	1057.08	Approved	2025-08-30 01:35:45.572768+00:00	4.38	On_Target	High_Risk_Anomaly	51	1
105915	Killeen	C_High_Risk	12155.73	Approved	2025-10-11 18:44:14.572768+00:00	14.33	On_Target	High_Risk_Anomaly	32	1
107999	Killeen	C_High_Risk	12021.31	Approved	2025-10-11 22:34:14.572768+00:00	11.09	On_Target	High_Risk_Anomaly	32	1
105841	Killeen	C_High_Risk	820	Approved	2025-11-01 14:55:35.572768+00:00	22.52	On_Target	High_Risk_Anomaly	27	1
101311	Temple	C_High_Risk	2386.67	Approved	2025-10-11 21:16:45.572768+00:00	2.87	On_Target	High_Risk_Anomaly	60	1
105950	Killeen	C_High_Risk	500	Approved	2025-09-27 14:22:28.572768+00:00	15.3	On_Target	High_Risk_Anomaly	25	1
106547	Fort_Hood	C_High_Risk	1576.23	Denied	2025-11-22 18:51:34.572768+00:00	16.1	Not_Applicable_Yet	High_Risk_Anomaly	24	1
109285	Waco	C_High_Risk	1220.02	Approved	2025-10-18 09:41:12.572768+00:00	18.48	On_Target	High_Risk_Anomaly	51	1
109084	Killeen	C_High_Risk	1696.07	Approved	2025-09-27 03:27:09.572768+00:00	27.56	Needs_Review	High_Risk_Anomaly	29	1
108807	Waco	C_High_Risk	500	Approved	2025-11-22 16:06:02.572768+00:00	21.88	On_Target	High_Risk_Anomaly	24	1
109270	Killeen	C_High_Risk	3306	Approved	2025-07-12 06:39:49.572768+00:00	16.79	On_Target	High_Risk_Anomaly	64	1
104493	Waco	C_High_Risk	1249.68	Approved	2025-06-28 23:52:39.572768+00:00	13.73	On_Target	High_Risk_Anomaly	26	1
100589	Killeen	C_High_Risk	1267.57	Approved	2025-07-12 02:40:35.572768+00:00	10.83	On_Target	High_Risk_Anomaly	24	1
105788	Round_Rock	C_High_Risk	1374.08	Approved	2025-07-26 09:01:16.572768+00:00	19.15	On_Target	High_Risk_Anomaly	28	1
100072	Killeen	C_High_Risk	2543.33	Approved	2025-10-04 11:25:11.572768+00:00	2.65	On_Target	High_Risk_Anomaly	35	1
104389	Killeen	C_High_Risk	12024.66	Approved	2025-08-09 05:57:29.572768+00:00	16.75	On_Target	High_Risk_Anomaly	55	1
100569	Killeen	C_High_Risk	2047.59	Approved	2025-09-20 02:15:50.572768+00:00	17.33	On_Target	High_Risk_Anomaly	30	1
102556	Fort_Hood	C_High_Risk	1210.78	Pending_Review	2025-07-19 16:03:36.572768+00:00	999	Not_Applicable_Yet	High_Risk_Anomaly	58	1
104316	Waco	B_Med_Risk	14074.55	Approved	2025-11-29 23:54:32.572768+00:00	47.93	Needs_Review	High_Risk_Anomaly	52	1
109893	Waco	B_Med_Risk	3231.06	Approved	2025-06-21 18:04:33.572768+00:00	19.19	On_Target	High_Risk_Anomaly	57	1
103720	Killeen	B_Med_Risk	25000	Pending_Review	2025-11-29 18:24:10.572768+00:00	999	Not_Applicable_Yet	High_Risk_Anomaly	33	1
101559	Temple	B_Med_Risk	5303.64	Approved	2025-06-28 13:33:51.572768+00:00	19.88	On_Target	High_Risk_Anomaly	41	1
108427	Round_Rock	B_Med_Risk	1778.19	Approved	2025-07-19 09:20:37.572768+00:00	18.99	On_Target	High_Risk_Anomaly	46	1
104471	Round_Rock	B_Med_Risk	1714.55	Approved	2025-08-30 02:15:07.572768+00:00	13.77	On_Target	High_Risk_Anomaly	56	1
101136	Temple	B_Med_Risk	4225.25	Approved	2025-08-23 23:43:27.572768+00:00	32.9	Needs_Review	High_Risk_Anomaly	58	1
109871	Fort_Hood	B_Med_Risk	2065.33	Denied	2025-08-16 21:17:06.572768+00:00	15.14	Not_Applicable_Yet	High_Risk_Anomaly	64	1
109901	Killeen	B_Med_Risk	2143.7	Approved	2025-11-22 03:30:53.572768+00:00	12.99	On_Target	High_Risk_Anomaly	47	1
105016	Killeen	B_Med_Risk	2487.65	Denied	2025-08-09 06:17:40.572768+00:00	38.67	Not_Applicable_Yet	High_Risk_Anomaly	44	1
102506	Temple	B_Med_Risk	1519.26	Approved	2025-07-26 17:29:21.572768+00:00	6.07	On_Target	High_Risk_Anomaly	54	1
109682	Killeen	B_Med_Risk	548.81	Approved	2025-07-12 13:51:17.572768+00:00	11.79	On_Target	High_Risk_Anomaly	62	1
105942	Killeen	B_Med_Risk	5647.14	Denied	2025-11-15 06:18:58.572768+00:00	48.49	Not_Applicable_Yet	High_Risk_Anomaly	47	1
109647	Fort_Hood	B_Med_Risk	990.96	Approved	2025-06-28 14:34:22.572768+00:00	16.57	On_Target	High_Risk_Anomaly	35	1
105696	Killeen	B_Med_Risk	5858.89	Approved	2025-08-09 04:37:33.572768+00:00	7.74	On_Target	High_Risk_Anomaly	32	1
100743	Fort_Hood	B_Med_Risk	2156.23	Approved	2025-10-18 14:56:26.572768+00:00	18.27	On_Target	High_Risk_Anomaly	33	1
102301	Fort_Hood	B_Med_Risk	1381.54	Pending_Review	2025-06-28 01:16:37.572768+00:00	999	Not_Applicable_Yet	High_Risk_Anomaly	39	1
100663	Killeen	B_Med_Risk	2418.41	Approved	2025-11-15 19:04:23.572768+00:00	7.89	On_Target	High_Risk_Anomaly	50	1
109014	Killeen	B_Med_Risk	22632.75	Approved	2025-11-29 01:27:38.572768+00:00	29.91	Needs_Review	High_Risk_Anomaly	38	1
107055	Killeen	B_Med_Risk	585.95	Denied	2025-09-06 20:51:42.572768+00:00	16.25	Not_Applicable_Yet	High_Risk_Anomaly	30	1
104632	Waco	B_Med_Risk	748.11	Denied	2025-11-01 03:42:09.572768+00:00	19.23	Not_Applicable_Yet	High_Risk_Anomaly	46	1
101108	Fort_Hood	B_Med_Risk	3424.7	Approved	2025-11-22 23:24:56.572768+00:00	19.93	On_Target	High_Risk_Anomaly	43	1
106640	Waco	B_Med_Risk	3742.72	Denied	2025-07-05 18:01:40.572768+00:00	35.69	Not_Applicable_Yet	High_Risk_Anomaly	24	1
103011	Killeen	B_Med_Risk	1625.8	Approved	2025-07-26 20:07:39.572768+00:00	12.42	On_Target	High_Risk_Anomaly	47	1
105829	Fort_Hood	B_Med_Risk	2058.89	Approved	2025-11-29 22:12:25.572768+00:00	12.91	On_Target	High_Risk_Anomaly	24	1
107437	Killeen	B_Med_Risk	2623.31	Approved	2025-11-29 04:25:30.572768+00:00	11.52	On_Target	High_Risk_Anomaly	44	1
109146	Killeen	B_Med_Risk	517.32	Pending_Review	2025-08-09 05:11:43.572768+00:00	999	Not_Applicable_Yet	High_Risk_Anomaly	27	1
101455	Temple	B_Med_Risk	2196.41	Denied	2025-10-04 04:44:37.572768+00:00	15.03	Not_Applicable_Yet	High_Risk_Anomaly	23	1
101038	Killeen	B_Med_Risk	5067.33	Approved	2025-11-22 01:59:41.572768+00:00	8.1	On_Target	High_Risk_Anomaly	64	1
107124	Killeen	B_Med_Risk	1623.65	Denied	2025-12-13 05:44:36.572768+00:00	8.45	Not_Applicable_Yet	High_Risk_Anomaly	22	1
104420	Killeen	B_Med_Risk	500	Approved	2025-09-13 17:42:25.572768+00:00	4.63	On_Target	High_Risk_Anomaly	26	1
107343	Fort_Hood	B_Med_Risk	3940.9	Denied	2025-09-13 13:38:36.572768+00:00	67.25	Not_Applicable_Yet	High_Risk_Anomaly	34	1
108668	Killeen	B_Med_Risk	2937.38	Approved	2025-08-02 02:37:48.572768+00:00	38.7	Needs_Review	High_Risk_Anomaly	23	1
104469	Temple	A_Low_Risk	1881.97	Denied	2025-10-11 08:58:27.572768+00:00	23.89	Not_Applicable_Yet	High_Risk_Anomaly	64	1
106166	Killeen	A_Low_Risk	6848.15	Approved	2025-08-16 02:55:05.572768+00:00	31.68	Needs_Review	High_Risk_Anomaly	48	1
109732	Fort_Hood	A_Low_Risk	2810.77	Approved	2025-08-30 00:07:26.572768+00:00	9.84	On_Target	High_Risk_Anomaly	63	1
106349	Waco	A_Low_Risk	1317.69	Denied	2025-11-08 11:58:45.572768+00:00	110.75	Not_Applicable_Yet	High_Risk_Anomaly	38	1
109467	Temple	A_Low_Risk	1414.15	Approved	2025-07-26 00:43:21.572768+00:00	5.21	On_Target	High_Risk_Anomaly	33	1
101690	Killeen	A_Low_Risk	1878.09	Denied	2025-10-25 02:24:01.572768+00:00	53.46	Not_Applicable_Yet	High_Risk_Anomaly	27	1
101149	Temple	A_Low_Risk	2873.05	Denied	2025-10-04 02:57:09.572768+00:00	17.01	Not_Applicable_Yet	High_Risk_Anomaly	56	1
102172	Killeen	A_Low_Risk	1935.74	Approved	2025-08-23 18:14:44.572768+00:00	21.28	On_Target	High_Risk_Anomaly	33	1
108069	Fort_Hood	A_Low_Risk	5210.38	Approved	2025-07-19 01:41:10.572768+00:00	32.95	Needs_Review	High_Risk_Anomaly	44	1
101605	Fort_Hood	A_Low_Risk	1294.13	Approved	2025-10-04 09:16:28.572768+00:00	15.5	On_Target	High_Risk_Anomaly	49	1
101412	Killeen	A_Low_Risk	543.52	Approved	2025-11-08 15:41:44.572768+00:00	19.3	On_Target	High_Risk_Anomaly	34	1
106160	Killeen	A_Low_Risk	14327.74	Denied	2025-08-16 22:18:51.572768+00:00	38.91	Not_Applicable_Yet	High_Risk_Anomaly	44	1
101297	Killeen	A_Low_Risk	12303.25	Approved	2025-09-27 00:11:12.572768+00:00	8.06	On_Target	High_Risk_Anomaly	35	1
103146	Temple	A_Low_Risk	1733.96	Approved	2025-06-21 19:15:19.572768+00:00	9.73	On_Target	High_Risk_Anomaly	27	1
100838	Fort_Hood	A_Low_Risk	6727.34	Approved	2025-10-11 03:49:20.572768+00:00	6.24	On_Target	High_Risk_Anomaly	23	1
103792	Fort_Hood	A_Low_Risk	13398.65	Approved	2025-10-25 08:34:45.572768+00:00	17.23	On_Target	High_Risk_Anomaly	41	1
109973	Killeen	A_Low_Risk	2158.07	Pending_Review	2025-06-21 00:17:56.572768+00:00	999	Not_Applicable_Yet	High_Risk_Anomaly	42	1
104892	Fort_Hood	A_Low_Risk	757.83	Pending_Review	2025-08-02 09:17:47.572768+00:00	999	Not_Applicable_Yet	High_Risk_Anomaly	47	1
102211	Waco	A_Low_Risk	2049.96	Denied	2025-11-29 12:35:45.572768+00:00	50.82	Not_Applicable_Yet	High_Risk_Anomaly	33	1
101655	Temple	A_Low_Risk	523.06	Approved	2025-10-11 09:28:01.572768+00:00	5.1	On_Target	High_Risk_Anomaly	33	1
104851	Killeen	A_Low_Risk	8966.59	Denied	2025-10-11 08:02:54.572768+00:00	20.21	Not_Applicable_Yet	High_Risk_Anomaly	48	1
107783	Killeen	A_Low_Risk	13733.95	Denied	2025-09-27 02:06:42.572768+00:00	50.47	Not_Applicable_Yet	High_Risk_Anomaly	40	1
103948	Killeen	C_High_Risk	2186.89	Approved	2025-11-09 01:28:58.572768+00:00	26.56	Needs_Review	High_Risk_Anomaly	58	1
102314	Round_Rock	C_High_Risk	9039.66	Approved	2025-11-09 07:13:46.572768+00:00	4.75	On_Target	High_Risk_Anomaly	28	1
101423	Killeen	C_High_Risk	1263.64	Approved	2025-10-12 23:39:36.572768+00:00	35.34	Needs_Review	High_Risk_Anomaly	43	1
101324	Round_Rock	C_High_Risk	1011.6	Approved	2025-08-24 05:39:34.572768+00:00	39.71	Needs_Review	High_Risk_Anomaly	32	1
105201	Round_Rock	C_High_Risk	710.97	Approved	2025-12-14 07:01:20.572768+00:00	8.15	On_Target	High_Risk_Anomaly	57	1
108639	Fort_Hood	C_High_Risk	2909.9	Approved	2025-12-07 16:14:39.572768+00:00	14.16	On_Target	High_Risk_Anomaly	44	1
106390	Killeen	C_High_Risk	1366.35	Denied	2025-07-06 17:12:23.572768+00:00	94.68	Not_Applicable_Yet	High_Risk_Anomaly	53	1
100875	Killeen	C_High_Risk	2660.13	Approved	2025-10-05 02:09:27.572768+00:00	27.57	Needs_Review	High_Risk_Anomaly	22	1
105409	Fort_Hood	C_High_Risk	500	Approved	2025-11-16 05:38:36.572768+00:00	11.16	On_Target	High_Risk_Anomaly	61	1
106090	Killeen	C_High_Risk	7949.97	Approved	2025-11-09 03:40:12.572768+00:00	15.78	On_Target	High_Risk_Anomaly	57	1
103266	Fort_Hood	C_High_Risk	2950.5	Approved	2025-09-14 12:59:03.572768+00:00	1.29	On_Target	High_Risk_Anomaly	41	1
108478	Fort_Hood	C_High_Risk	1426.77	Approved	2025-10-05 15:31:35.572768+00:00	13.85	On_Target	High_Risk_Anomaly	54	1
109273	Killeen	C_High_Risk	2440.49	Approved	2025-09-14 13:38:51.572768+00:00	12.61	On_Target	High_Risk_Anomaly	52	1
103041	Round_Rock	C_High_Risk	2975.39	Approved	2025-07-27 04:48:24.572768+00:00	19.48	On_Target	High_Risk_Anomaly	31	1
101440	Round_Rock	C_High_Risk	1397.17	Approved	2025-08-17 01:27:20.572768+00:00	9.28	On_Target	High_Risk_Anomaly	35	1
101052	Temple	C_High_Risk	1049.46	Denied	2025-06-29 20:15:03.572768+00:00	26.02	Not_Applicable_Yet	High_Risk_Anomaly	57	1
106408	Fort_Hood	C_High_Risk	1643.97	Approved	2025-09-07 12:58:13.572768+00:00	20	On_Target	High_Risk_Anomaly	44	1
106003	Fort_Hood	C_High_Risk	1240.3	Approved	2025-07-13 01:57:25.572768+00:00	9.75	On_Target	High_Risk_Anomaly	23	1
108584	Fort_Hood	C_High_Risk	2290.85	Denied	2025-10-05 14:31:05.572768+00:00	21.02	Not_Applicable_Yet	High_Risk_Anomaly	57	1
101390	Killeen	C_High_Risk	500	Denied	2025-10-05 08:00:53.572768+00:00	49.98	Not_Applicable_Yet	High_Risk_Anomaly	24	1
106073	Fort_Hood	C_High_Risk	2814.09	Approved	2025-08-24 13:35:06.572768+00:00	18.77	On_Target	High_Risk_Anomaly	43	1
104038	Fort_Hood	C_High_Risk	2456.65	Approved	2025-11-30 14:42:21.572768+00:00	21.01	On_Target	High_Risk_Anomaly	37	1
109793	Killeen	C_High_Risk	3660.39	Approved	2025-07-27 12:14:42.572768+00:00	14.78	On_Target	High_Risk_Anomaly	47	1
108868	Fort_Hood	C_High_Risk	669.62	Approved	2025-12-07 14:06:40.572768+00:00	8.12	On_Target	High_Risk_Anomaly	60	1
106787	Waco	C_High_Risk	1911.99	Pending_Review	2025-07-06 01:56:39.572768+00:00	999	Not_Applicable_Yet	High_Risk_Anomaly	29	1
100189	Killeen	C_High_Risk	2211.27	Denied	2025-10-19 10:22:00.572768+00:00	10.82	Not_Applicable_Yet	High_Risk_Anomaly	42	1
100463	Fort_Hood	B_Med_Risk	19885.75	Pending_Review	2025-08-24 15:45:19.572768+00:00	999	Not_Applicable_Yet	High_Risk_Anomaly	55	1
101089	Killeen	B_Med_Risk	590.7	Approved	2025-08-10 20:19:54.572768+00:00	38.2	Needs_Review	High_Risk_Anomaly	63	1
105539	Fort_Hood	B_Med_Risk	705.16	Approved	2025-07-20 09:33:02.572768+00:00	13.91	On_Target	High_Risk_Anomaly	57	1
101185	Temple	B_Med_Risk	4373.9	Denied	2025-08-24 09:57:07.572768+00:00	26.02	Not_Applicable_Yet	High_Risk_Anomaly	59	1
109639	Killeen	B_Med_Risk	8426.67	Denied	2025-10-26 09:39:10.572768+00:00	65.66	Not_Applicable_Yet	High_Risk_Anomaly	59	1
101957	Killeen	B_Med_Risk	1830.44	Approved	2025-07-13 20:45:45.572768+00:00	24.02	Needs_Review	High_Risk_Anomaly	40	1
103777	Fort_Hood	B_Med_Risk	695.84	Denied	2025-09-21 02:57:37.572768+00:00	26.31	Not_Applicable_Yet	High_Risk_Anomaly	55	1
104667	Waco	B_Med_Risk	16223.84	Approved	2025-11-09 07:47:36.572768+00:00	8.74	On_Target	High_Risk_Anomaly	56	1
107517	Killeen	B_Med_Risk	1708	Approved	2025-10-19 18:02:13.572768+00:00	29.01	Needs_Review	High_Risk_Anomaly	50	1
103398	Killeen	B_Med_Risk	12908.01	Approved	2025-09-07 16:39:33.572768+00:00	11.76	On_Target	High_Risk_Anomaly	36	1
101059	Fort_Hood	B_Med_Risk	829.57	Approved	2025-08-03 04:04:30.572768+00:00	13.45	On_Target	High_Risk_Anomaly	51	1
103406	Temple	B_Med_Risk	6467.11	Pending_Review	2025-06-22 10:48:42.572768+00:00	999	Not_Applicable_Yet	High_Risk_Anomaly	52	1
108560	Killeen	B_Med_Risk	602.55	Approved	2025-12-14 18:04:24.572768+00:00	30.13	Needs_Review	High_Risk_Anomaly	35	1
103208	Killeen	B_Med_Risk	2089.65	Denied	2025-10-05 09:58:59.572768+00:00	30.3	Not_Applicable_Yet	High_Risk_Anomaly	59	1
100474	Fort_Hood	B_Med_Risk	3723.93	Denied	2025-09-14 05:38:23.572768+00:00	32.59	Not_Applicable_Yet	High_Risk_Anomaly	59	1
108477	Fort_Hood	B_Med_Risk	1241.31	Approved	2025-07-20 11:43:29.572768+00:00	3.4	On_Target	High_Risk_Anomaly	39	1
108769	Killeen	B_Med_Risk	13175.87	Approved	2025-08-24 06:46:42.572768+00:00	12.03	On_Target	High_Risk_Anomaly	44	1
109220	Killeen	B_Med_Risk	2562.27	Approved	2025-10-19 12:32:18.572768+00:00	15.85	On_Target	High_Risk_Anomaly	41	1
107528	Fort_Hood	B_Med_Risk	1591.98	Approved	2025-09-14 13:52:44.572768+00:00	27.4	Needs_Review	High_Risk_Anomaly	57	1
103217	Killeen	B_Med_Risk	12840.57	Approved	2025-06-22 03:29:23.572768+00:00	14.19	On_Target	High_Risk_Anomaly	63	1
100907	Killeen	B_Med_Risk	4384.58	Approved	2025-10-19 02:02:23.572768+00:00	21.58	On_Target	High_Risk_Anomaly	34	1
105289	Waco	B_Med_Risk	19910.2	Approved	2025-08-24 18:29:33.572768+00:00	13.91	On_Target	High_Risk_Anomaly	34	1
106809	Killeen	B_Med_Risk	2006.14	Denied	2025-08-17 00:24:56.572768+00:00	22.35	Not_Applicable_Yet	High_Risk_Anomaly	63	1
105932	Killeen	B_Med_Risk	1613.25	Approved	2025-11-09 01:22:14.572768+00:00	14.42	On_Target	High_Risk_Anomaly	30	1
108077	Fort_Hood	B_Med_Risk	500	Approved	2025-08-31 08:17:42.572768+00:00	10.25	On_Target	High_Risk_Anomaly	56	1
102816	Fort_Hood	B_Med_Risk	500	Approved	2025-08-03 03:11:33.572768+00:00	20.26	On_Target	High_Risk_Anomaly	23	1
106394	Round_Rock	B_Med_Risk	610.17	Approved	2025-11-16 17:57:55.572768+00:00	23.47	On_Target	High_Risk_Anomaly	37	1
106711	Killeen	B_Med_Risk	500	Approved	2025-07-13 23:27:53.572768+00:00	11.27	On_Target	High_Risk_Anomaly	29	1
107378	Fort_Hood	B_Med_Risk	1599.17	Approved	2025-10-12 03:49:31.572768+00:00	13.83	On_Target	High_Risk_Anomaly	48	1
103644	Waco	B_Med_Risk	3160.9	Approved	2025-10-26 01:55:12.572768+00:00	22.35	On_Target	High_Risk_Anomaly	49	1
107335	Killeen	B_Med_Risk	2068.56	Approved	2025-09-28 02:50:24.572768+00:00	18.3	On_Target	High_Risk_Anomaly	40	1
105521	Fort_Hood	B_Med_Risk	6049.68	Approved	2025-12-14 17:14:21.572768+00:00	7.17	On_Target	High_Risk_Anomaly	49	1
106677	Killeen	B_Med_Risk	1688.64	Approved	2025-09-14 17:21:08.572768+00:00	6.42	On_Target	High_Risk_Anomaly	34	1
100919	Killeen	B_Med_Risk	954.75	Denied	2025-10-12 02:08:36.572768+00:00	55.36	Not_Applicable_Yet	High_Risk_Anomaly	29	1
103626	Killeen	B_Med_Risk	3501.8	Approved	2025-08-17 08:59:13.572768+00:00	40.28	Needs_Review	High_Risk_Anomaly	26	1
108433	Temple	B_Med_Risk	1164.72	Approved	2025-12-14 06:21:04.572768+00:00	3.72	On_Target	High_Risk_Anomaly	36	1
100986	Fort_Hood	B_Med_Risk	3022.92	Approved	2025-08-31 05:30:07.572768+00:00	10.14	On_Target	High_Risk_Anomaly	22	1
105807	Round_Rock	B_Med_Risk	1185.04	Denied	2025-11-16 07:38:42.572768+00:00	2.95	Not_Applicable_Yet	High_Risk_Anomaly	58	1
104242	Waco	B_Med_Risk	500	Approved	2025-11-02 10:06:26.572768+00:00	22.63	On_Target	High_Risk_Anomaly	56	1
109982	Killeen	B_Med_Risk	2249.2	Denied	2025-11-09 00:34:57.572768+00:00	4.5	Not_Applicable_Yet	High_Risk_Anomaly	46	1
104938	Waco	B_Med_Risk	15200.06	Approved	2025-10-26 02:09:43.572768+00:00	54.32	Needs_Review	High_Risk_Anomaly	33	1
101715	Round_Rock	B_Med_Risk	5135.6	Denied	2025-08-24 20:26:40.572768+00:00	14.82	Not_Applicable_Yet	High_Risk_Anomaly	24	1
103798	Killeen	B_Med_Risk	844.26	Approved	2025-07-20 20:08:52.572768+00:00	13.78	On_Target	High_Risk_Anomaly	52	1
104689	Round_Rock	B_Med_Risk	4835.91	Approved	2025-10-05 06:52:51.572768+00:00	6.18	On_Target	High_Risk_Anomaly	52	1
101313	Waco	B_Med_Risk	2537.07	Approved	2025-08-31 07:49:43.572768+00:00	19.94	On_Target	High_Risk_Anomaly	33	1
100851	Waco	B_Med_Risk	1650.22	Approved	2025-10-05 21:23:28.572768+00:00	19.03	On_Target	High_Risk_Anomaly	61	1
109219	Killeen	B_Med_Risk	1032.03	Approved	2025-11-23 21:09:39.572768+00:00	14.3	On_Target	High_Risk_Anomaly	26	1
100939	Fort_Hood	B_Med_Risk	843.94	Approved	2025-10-26 17:57:37.572768+00:00	10.96	On_Target	High_Risk_Anomaly	56	1
103195	Fort_Hood	B_Med_Risk	2903.36	Denied	2025-07-20 02:10:06.572768+00:00	75	Not_Applicable_Yet	High_Risk_Anomaly	55	1
100816	Fort_Hood	B_Med_Risk	1476.58	Approved	2025-09-21 12:43:04.572768+00:00	9.35	On_Target	High_Risk_Anomaly	54	1
108597	Killeen	A_Low_Risk	975.78	Denied	2025-11-30 15:20:24.572768+00:00	11.27	Not_Applicable_Yet	High_Risk_Anomaly	59	1
103942	Killeen	A_Low_Risk	776	Approved	2025-09-14 19:06:32.572768+00:00	0.79	On_Target	High_Risk_Anomaly	60	1
106103	Temple	A_Low_Risk	8034.75	Pending_Review	2025-11-02 14:35:18.572768+00:00	999	Not_Applicable_Yet	High_Risk_Anomaly	60	1
103145	Killeen	A_Low_Risk	3109.98	Pending_Review	2025-09-14 02:05:55.572768+00:00	999	Not_Applicable_Yet	High_Risk_Anomaly	37	1
107313	Killeen	A_Low_Risk	565.16	Approved	2025-07-27 02:25:24.572768+00:00	14.82	On_Target	High_Risk_Anomaly	53	1
101622	Fort_Hood	A_Low_Risk	1434.27	Approved	2025-08-10 13:04:02.572768+00:00	6.72	On_Target	High_Risk_Anomaly	51	1
109349	Temple	A_Low_Risk	3355.35	Denied	2025-09-07 03:59:15.572768+00:00	19.91	Not_Applicable_Yet	High_Risk_Anomaly	51	1
101579	Fort_Hood	A_Low_Risk	1840.11	Approved	2025-09-28 03:37:58.572768+00:00	8.35	On_Target	High_Risk_Anomaly	43	1
100244	Killeen	A_Low_Risk	14350.09	Pending_Review	2025-10-26 11:38:57.572768+00:00	999	Not_Applicable_Yet	High_Risk_Anomaly	39	1
104795	Killeen	A_Low_Risk	12248.54	Approved	2025-07-27 04:48:43.572768+00:00	19.75	On_Target	High_Risk_Anomaly	33	1
106271	Temple	A_Low_Risk	4127.55	Approved	2025-11-09 16:54:42.572768+00:00	12.52	On_Target	High_Risk_Anomaly	32	1
108193	Killeen	A_Low_Risk	1045.02	Approved	2025-10-26 11:57:20.572768+00:00	12.19	On_Target	High_Risk_Anomaly	24	1
108754	Round_Rock	A_Low_Risk	949.61	Denied	2025-09-21 21:58:29.572768+00:00	33.74	Not_Applicable_Yet	High_Risk_Anomaly	36	1
105792	Round_Rock	A_Low_Risk	3798.57	Denied	2025-07-20 10:36:15.572768+00:00	22.02	Not_Applicable_Yet	High_Risk_Anomaly	41	1
104693	Fort_Hood	A_Low_Risk	10458.18	Denied	2025-11-16 20:15:11.572768+00:00	60.58	Not_Applicable_Yet	High_Risk_Anomaly	26	1
100582	Fort_Hood	D_Missing_Risk	1671.11	Pending_Review	2025-07-10 05:05:06.572768+00:00	999	Not_Applicable_Yet	High_Risk_Anomaly	37	1
104625	Fort_Hood	D_Missing_Risk	11804.59	Approved	2025-08-14 20:05:08.572768+00:00	5.33	On_Target	High_Risk_Anomaly	50	1
103754	Killeen	C_High_Risk	500	Denied	2025-06-26 06:27:33.572768+00:00	62.26	Not_Applicable_Yet	High_Risk_Anomaly	29	1
109474	Temple	C_High_Risk	1368.14	Approved	2025-12-11 00:44:19.572768+00:00	13.04	On_Target	High_Risk_Anomaly	63	1
101154	Fort_Hood	C_High_Risk	2466.45	Approved	2025-07-10 09:39:19.572768+00:00	19.01	On_Target	High_Risk_Anomaly	38	1
105102	Fort_Hood	C_High_Risk	1499.86	Denied	2025-09-25 03:09:23.572768+00:00	47.67	Not_Applicable_Yet	High_Risk_Anomaly	53	1
105596	Killeen	C_High_Risk	542.09	Pending_Review	2025-10-02 05:28:22.572768+00:00	999	Not_Applicable_Yet	High_Risk_Anomaly	30	1
104959	Waco	C_High_Risk	1685.64	Denied	2025-09-04 13:12:19.572768+00:00	48.88	Not_Applicable_Yet	High_Risk_Anomaly	26	1
107923	Killeen	C_High_Risk	5755.8	Denied	2025-10-02 04:41:00.572768+00:00	35.28	Not_Applicable_Yet	High_Risk_Anomaly	33	1
105327	Killeen	C_High_Risk	3400.23	Denied	2025-10-30 17:28:44.572768+00:00	48.38	Not_Applicable_Yet	High_Risk_Anomaly	29	1
101514	Killeen	C_High_Risk	904.31	Approved	2025-10-16 12:43:21.572768+00:00	4.53	On_Target	High_Risk_Anomaly	22	1
106490	Fort_Hood	C_High_Risk	1859.47	Approved	2025-10-02 15:08:10.572768+00:00	9.91	On_Target	High_Risk_Anomaly	59	1
102256	Fort_Hood	C_High_Risk	1078.09	Approved	2025-10-02 22:39:49.572768+00:00	26.24	Needs_Review	High_Risk_Anomaly	61	1
109678	Fort_Hood	C_High_Risk	1138.32	Denied	2025-10-23 18:03:08.572768+00:00	39	Not_Applicable_Yet	High_Risk_Anomaly	52	1
102495	Fort_Hood	C_High_Risk	4742.39	Approved	2025-08-28 15:12:07.572768+00:00	30.64	Needs_Review	High_Risk_Anomaly	42	1
101338	Killeen	C_High_Risk	17530.51	Denied	2025-07-31 20:54:41.572768+00:00	45.37	Not_Applicable_Yet	High_Risk_Anomaly	26	1
105430	Fort_Hood	C_High_Risk	9498.9	Approved	2025-08-07 06:27:04.572768+00:00	25.51	Needs_Review	High_Risk_Anomaly	47	1
108255	Temple	C_High_Risk	13082.19	Approved	2025-06-26 02:08:24.572768+00:00	11.76	On_Target	High_Risk_Anomaly	22	1
109375	Killeen	C_High_Risk	6403.83	Approved	2025-08-21 20:01:31.572768+00:00	12.22	On_Target	High_Risk_Anomaly	59	1
100951	Fort_Hood	C_High_Risk	25000	Pending_Review	2025-09-18 07:26:44.572768+00:00	999	Not_Applicable_Yet	High_Risk_Anomaly	56	1
101911	Temple	C_High_Risk	12256.83	Denied	2025-09-25 22:30:07.572768+00:00	33.95	Not_Applicable_Yet	High_Risk_Anomaly	57	1
100388	Waco	C_High_Risk	834.72	Approved	2025-06-19 09:26:56.572768+00:00	2.97	On_Target	High_Risk_Anomaly	37	1
107490	Killeen	C_High_Risk	10361.11	Pending_Review	2025-09-11 20:49:40.572768+00:00	999	Not_Applicable_Yet	High_Risk_Anomaly	39	1
109890	Waco	C_High_Risk	16507.32	Approved	2025-09-18 10:18:50.572768+00:00	7.91	On_Target	High_Risk_Anomaly	24	1
106054	Waco	C_High_Risk	8563.28	Approved	2025-09-25 11:37:20.572768+00:00	13.11	On_Target	High_Risk_Anomaly	35	1
107978	Waco	C_High_Risk	4208.32	Approved	2025-08-14 23:00:26.572768+00:00	14.19	On_Target	High_Risk_Anomaly	60	1
106383	Killeen	B_Med_Risk	836.3	Denied	2025-08-14 22:49:07.572768+00:00	83.21	Not_Applicable_Yet	High_Risk_Anomaly	23	1
100016	Killeen	B_Med_Risk	8812.78	Approved	2025-10-30 20:29:42.572768+00:00	18.29	On_Target	High_Risk_Anomaly	52	1
103321	Killeen	B_Med_Risk	3174.95	Approved	2025-07-31 15:37:42.572768+00:00	13.37	On_Target	High_Risk_Anomaly	58	1
101437	Waco	B_Med_Risk	3870.9	Denied	2025-09-11 17:09:19.572768+00:00	25.35	Not_Applicable_Yet	High_Risk_Anomaly	47	1
106676	Fort_Hood	B_Med_Risk	2732.92	Approved	2025-08-07 07:43:11.572768+00:00	16.49	On_Target	High_Risk_Anomaly	29	1
103290	Killeen	B_Med_Risk	1595.47	Approved	2025-06-26 17:34:28.572768+00:00	23.54	On_Target	High_Risk_Anomaly	48	1
105993	Fort_Hood	B_Med_Risk	1256.89	Denied	2025-06-19 17:42:37.572768+00:00	11.07	Not_Applicable_Yet	High_Risk_Anomaly	22	1
105155	Killeen	B_Med_Risk	1665.26	Approved	2025-08-07 23:03:54.572768+00:00	8.03	On_Target	High_Risk_Anomaly	39	1
102855	Fort_Hood	B_Med_Risk	2843.8	Approved	2025-06-19 10:21:04.572768+00:00	9.33	On_Target	High_Risk_Anomaly	32	1
109589	Waco	B_Med_Risk	1840.81	Approved	2025-09-11 16:22:25.572768+00:00	1.13	On_Target	High_Risk_Anomaly	24	1
109432	Waco	B_Med_Risk	1012.73	Approved	2025-12-04 20:58:47.572768+00:00	8.44	On_Target	High_Risk_Anomaly	58	1
109430	Waco	B_Med_Risk	3827.47	Approved	2025-08-14 09:29:07.572768+00:00	10.01	On_Target	High_Risk_Anomaly	61	1
101590	Fort_Hood	B_Med_Risk	18849.77	Approved	2025-10-09 06:48:09.572768+00:00	21.01	On_Target	High_Risk_Anomaly	37	1
106886	Killeen	B_Med_Risk	747.63	Approved	2025-09-25 15:13:29.572768+00:00	6.11	On_Target	High_Risk_Anomaly	44	1
108371	Killeen	B_Med_Risk	5067	Denied	2025-11-06 16:17:12.572768+00:00	25.58	Not_Applicable_Yet	High_Risk_Anomaly	28	1
100857	Fort_Hood	B_Med_Risk	726.8	Approved	2025-11-20 15:11:44.572768+00:00	12.53	On_Target	High_Risk_Anomaly	27	1
102197	Temple	B_Med_Risk	7869.5	Denied	2025-07-03 09:04:56.572768+00:00	53.05	Not_Applicable_Yet	High_Risk_Anomaly	29	1
104744	Killeen	B_Med_Risk	3717.22	Approved	2025-12-11 20:23:24.572768+00:00	9.65	On_Target	High_Risk_Anomaly	25	1
109735	Fort_Hood	B_Med_Risk	2944.35	Denied	2025-06-19 14:21:01.572768+00:00	45.34	Not_Applicable_Yet	High_Risk_Anomaly	60	1
104572	Killeen	B_Med_Risk	1616.63	Approved	2025-11-20 07:14:49.572768+00:00	3.26	On_Target	High_Risk_Anomaly	35	1
103675	Killeen	B_Med_Risk	1804.13	Denied	2025-08-28 23:10:49.572768+00:00	12.99	Not_Applicable_Yet	High_Risk_Anomaly	47	1
107351	Killeen	B_Med_Risk	2305.78	Denied	2025-07-31 05:41:00.572768+00:00	23.24	Not_Applicable_Yet	High_Risk_Anomaly	60	1
105716	Killeen	B_Med_Risk	3588.01	Approved	2025-08-07 09:30:30.572768+00:00	11.35	On_Target	High_Risk_Anomaly	57	1
106615	Waco	B_Med_Risk	1659.04	Approved	2025-06-19 13:34:25.572768+00:00	14.09	On_Target	High_Risk_Anomaly	52	1
101249	Fort_Hood	B_Med_Risk	2050.07	Approved	2025-12-04 11:48:06.572768+00:00	26.19	Needs_Review	High_Risk_Anomaly	49	1
104235	Killeen	B_Med_Risk	1076.4	Approved	2025-10-02 17:31:30.572768+00:00	9.84	On_Target	High_Risk_Anomaly	64	1
101790	Killeen	B_Med_Risk	2606.91	Approved	2025-08-21 10:34:14.572768+00:00	8.43	On_Target	High_Risk_Anomaly	56	1
104210	Killeen	B_Med_Risk	4648.29	Denied	2025-06-26 09:04:52.572768+00:00	5.58	Not_Applicable_Yet	High_Risk_Anomaly	42	1
102065	Waco	B_Med_Risk	3841.97	Approved	2025-10-30 04:38:54.572768+00:00	32.91	Needs_Review	High_Risk_Anomaly	54	1
106604	Fort_Hood	B_Med_Risk	14325.54	Approved	2025-10-02 12:22:28.572768+00:00	10.95	On_Target	High_Risk_Anomaly	58	1
107727	Killeen	B_Med_Risk	2536	Denied	2025-11-20 15:51:47.572768+00:00	82.01	Not_Applicable_Yet	High_Risk_Anomaly	50	1
108765	Waco	B_Med_Risk	998.07	Approved	2025-08-07 23:56:59.572768+00:00	14.64	On_Target	High_Risk_Anomaly	25	1
108932	Killeen	A_Low_Risk	1487.07	Approved	2025-10-09 03:58:45.572768+00:00	7.82	On_Target	High_Risk_Anomaly	46	1
104956	Killeen	A_Low_Risk	2139.78	Approved	2025-12-04 03:21:28.572768+00:00	6.84	On_Target	High_Risk_Anomaly	40	1
100754	Killeen	A_Low_Risk	1123.12	Denied	2025-07-31 03:34:38.572768+00:00	40.26	Not_Applicable_Yet	High_Risk_Anomaly	39	1
105076	Fort_Hood	A_Low_Risk	993.92	Approved	2025-09-11 06:37:38.572768+00:00	18.72	On_Target	High_Risk_Anomaly	35	1
104523	Fort_Hood	A_Low_Risk	1716.18	Pending_Review	2025-09-11 17:30:46.572768+00:00	999	Not_Applicable_Yet	High_Risk_Anomaly	49	1
106968	Fort_Hood	A_Low_Risk	2180.11	Denied	2025-10-30 05:43:26.572768+00:00	15.12	Not_Applicable_Yet	High_Risk_Anomaly	23	1
106981	Fort_Hood	A_Low_Risk	12726.83	Approved	2025-07-03 16:24:45.572768+00:00	11.97	On_Target	High_Risk_Anomaly	28	1
105178	Fort_Hood	A_Low_Risk	695.27	Approved	2025-10-02 15:34:54.572768+00:00	17.83	On_Target	High_Risk_Anomaly	54	1
107698	Killeen	A_Low_Risk	653.38	Approved	2025-06-26 15:21:14.572768+00:00	4.96	On_Target	High_Risk_Anomaly	44	1
100004	Killeen	A_Low_Risk	2559.33	Pending_Review	2025-12-04 00:11:18.572768+00:00	999	Not_Applicable_Yet	High_Risk_Anomaly	61	1
102418	Killeen	A_Low_Risk	696.23	Approved	2025-08-28 16:27:33.572768+00:00	8.7	On_Target	High_Risk_Anomaly	58	1
105926	Waco	A_Low_Risk	4365.7	Approved	2025-10-30 19:47:50.572768+00:00	29.42	Needs_Review	High_Risk_Anomaly	27	1
100196	Waco	A_Low_Risk	2858.87	Approved	2025-07-24 09:44:39.572768+00:00	8.27	On_Target	High_Risk_Anomaly	47	1
100808	Fort_Hood	A_Low_Risk	759.15	Approved	2025-07-17 17:27:24.572768+00:00	10.51	On_Target	High_Risk_Anomaly	36	1
100355	Fort_Hood	A_Low_Risk	10748.52	Approved	2025-06-19 14:54:55.572768+00:00	7.65	On_Target	High_Risk_Anomaly	41	1
102755	Killeen	A_Low_Risk	500	Approved	2025-08-14 16:50:29.572768+00:00	6.48	On_Target	High_Risk_Anomaly	24	1
102120	Waco	A_Low_Risk	10621.36	Approved	2025-08-21 03:04:30.572768+00:00	17.34	On_Target	High_Risk_Anomaly	26	1
101216	Killeen	A_Low_Risk	1686.89	Approved	2025-11-13 16:49:30.572768+00:00	5.9	On_Target	High_Risk_Anomaly	62	1
104755	Temple	A_Low_Risk	846.35	Approved	2025-10-23 03:34:54.572768+00:00	11.74	On_Target	High_Risk_Anomaly	55	1
106455	Killeen	A_Low_Risk	11384.69	Denied	2025-07-24 23:19:09.572768+00:00	69.12	Not_Applicable_Yet	High_Risk_Anomaly	44	1
100686	Fort_Hood	A_Low_Risk	9920.26	Approved	2025-09-25 23:10:04.572768+00:00	25.86	Needs_Review	High_Risk_Anomaly	45	1
100645	Temple	A_Low_Risk	10604.08	Approved	2025-11-13 07:44:31.572768+00:00	19.17	On_Target	High_Risk_Anomaly	52	1
107937	Fort_Hood	A_Low_Risk	19251.67	Approved	2025-07-03 11:23:53.572768+00:00	15.07	On_Target	High_Risk_Anomaly	28	1
100844	Killeen	A_Low_Risk	5483.09	Approved	2025-11-13 17:16:49.572768+00:00	18.46	On_Target	High_Risk_Anomaly	48	1
105924	Killeen	A_Low_Risk	3559.93	Approved	2025-06-19 10:39:25.572768+00:00	9.24	On_Target	High_Risk_Anomaly	47	1
101623	Round_Rock	A_Low_Risk	7105.47	Approved	2025-10-23 23:43:14.572768+00:00	18.29	On_Target	High_Risk_Anomaly	40	1
108850	Temple	A_Low_Risk	5523.07	Approved	2025-11-27 07:27:12.572768+00:00	25.62	Needs_Review	High_Risk_Anomaly	28	1
105544	Fort_Hood	A_Low_Risk	9913.01	Denied	2025-08-21 16:36:05.572768+00:00	9.73	Not_Applicable_Yet	High_Risk_Anomaly	34	1
104878	Killeen	C_High_Risk	3155.28	Approved	2025-11-25 23:57:19.572768+00:00	9.24	On_Target	High_Risk_Anomaly	33	1
107732	Killeen	C_High_Risk	891.83	Approved	2025-07-29 02:47:59.572768+00:00	1.33	On_Target	High_Risk_Anomaly	35	1
107547	Killeen	C_High_Risk	13266.52	Approved	2025-08-26 01:32:01.572768+00:00	10.19	On_Target	High_Risk_Anomaly	60	1
109724	Killeen	C_High_Risk	3471.72	Approved	2025-11-11 21:23:53.572768+00:00	13.36	On_Target	High_Risk_Anomaly	36	1
101349	Killeen	C_High_Risk	9965.82	Denied	2025-11-18 04:36:45.572768+00:00	12.36	Not_Applicable_Yet	High_Risk_Anomaly	29	1
104635	Round_Rock	C_High_Risk	9962.78	Approved	2025-12-09 20:46:02.572768+00:00	25.55	Needs_Review	High_Risk_Anomaly	55	1
101535	Killeen	C_High_Risk	1258.04	Approved	2025-09-09 20:05:13.572768+00:00	30.82	Needs_Review	High_Risk_Anomaly	28	1
106187	Killeen	C_High_Risk	949.91	Approved	2025-12-09 12:57:49.572768+00:00	18.69	On_Target	High_Risk_Anomaly	56	1
103622	Killeen	C_High_Risk	5735.05	Approved	2025-08-05 17:46:09.572768+00:00	19.6	On_Target	High_Risk_Anomaly	39	1
109964	Fort_Hood	C_High_Risk	18437.1	Pending_Review	2025-07-15 23:12:12.572768+00:00	999	Not_Applicable_Yet	High_Risk_Anomaly	23	1
103965	Waco	C_High_Risk	11796.23	Approved	2025-07-08 02:42:03.572768+00:00	17.94	On_Target	High_Risk_Anomaly	39	1
105281	Fort_Hood	C_High_Risk	1992.75	Approved	2025-08-05 09:32:58.572768+00:00	26.74	Needs_Review	High_Risk_Anomaly	25	1
107878	Fort_Hood	C_High_Risk	12978.13	Approved	2025-09-09 05:22:59.572768+00:00	8.28	On_Target	High_Risk_Anomaly	35	1
103779	Temple	C_High_Risk	5023.59	Approved	2025-06-24 23:31:47.572768+00:00	8.25	On_Target	High_Risk_Anomaly	48	1
100026	Killeen	C_High_Risk	1722.36	Denied	2025-09-23 03:47:41.572768+00:00	21.51	Not_Applicable_Yet	High_Risk_Anomaly	53	1
108005	Killeen	C_High_Risk	567.88	Approved	2025-09-09 12:31:25.572768+00:00	14.61	On_Target	High_Risk_Anomaly	58	1
109553	Fort_Hood	C_High_Risk	14094.68	Pending_Review	2025-12-02 06:38:18.572768+00:00	999	Not_Applicable_Yet	High_Risk_Anomaly	34	1
101922	Fort_Hood	C_High_Risk	3487.57	Approved	2025-07-29 21:14:19.572768+00:00	17.44	On_Target	High_Risk_Anomaly	46	1
101486	Killeen	C_High_Risk	3024.18	Approved	2025-10-21 01:23:09.572768+00:00	19.88	On_Target	High_Risk_Anomaly	28	1
103632	Fort_Hood	C_High_Risk	2166.74	Pending_Review	2025-10-07 13:43:36.572768+00:00	999	Not_Applicable_Yet	High_Risk_Anomaly	30	1
106607	Fort_Hood	C_High_Risk	755.52	Approved	2025-09-30 13:41:47.572768+00:00	18.45	On_Target	High_Risk_Anomaly	34	1
103092	Killeen	C_High_Risk	2443.96	Approved	2025-09-30 14:18:04.572768+00:00	17.79	On_Target	High_Risk_Anomaly	46	1
108208	Killeen	C_High_Risk	960.7	Approved	2025-11-11 00:06:27.572768+00:00	17.06	On_Target	High_Risk_Anomaly	52	1
100518	Round_Rock	C_High_Risk	17634.42	Approved	2025-07-22 12:25:21.572768+00:00	13.66	On_Target	High_Risk_Anomaly	26	1
100419	Waco	B_Med_Risk	702.39	Denied	2025-08-12 16:13:05.572768+00:00	79.42	Not_Applicable_Yet	High_Risk_Anomaly	42	1
101508	Fort_Hood	B_Med_Risk	3063.22	Denied	2025-07-15 20:43:05.572768+00:00	48.24	Not_Applicable_Yet	High_Risk_Anomaly	31	1
100373	Fort_Hood	B_Med_Risk	879.29	Approved	2025-08-19 08:05:12.572768+00:00	4.56	On_Target	High_Risk_Anomaly	40	1
104102	Fort_Hood	B_Med_Risk	4550.6	Approved	2025-08-12 15:37:59.572768+00:00	5.5	On_Target	High_Risk_Anomaly	57	1
106423	Killeen	B_Med_Risk	741.71	Approved	2025-09-09 10:54:07.572768+00:00	10.99	On_Target	High_Risk_Anomaly	50	1
108438	Fort_Hood	B_Med_Risk	2645.65	Approved	2025-11-18 22:46:48.572768+00:00	19.54	On_Target	High_Risk_Anomaly	25	1
108296	Fort_Hood	B_Med_Risk	3181.55	Approved	2025-12-09 04:39:14.572768+00:00	21.84	On_Target	High_Risk_Anomaly	60	1
101835	Fort_Hood	B_Med_Risk	584.17	Approved	2025-07-08 01:01:45.572768+00:00	11.48	On_Target	High_Risk_Anomaly	27	1
100810	Round_Rock	B_Med_Risk	2725.57	Approved	2025-10-14 02:54:08.572768+00:00	16.72	On_Target	High_Risk_Anomaly	28	1
102912	Waco	B_Med_Risk	500	Approved	2025-06-24 07:16:22.572768+00:00	15.09	On_Target	High_Risk_Anomaly	24	1
100658	Fort_Hood	B_Med_Risk	13572.03	Approved	2025-09-16 22:56:37.572768+00:00	5.71	On_Target	High_Risk_Anomaly	54	1
103877	Temple	B_Med_Risk	1211.01	Pending_Review	2025-10-28 15:42:22.572768+00:00	999	Not_Applicable_Yet	High_Risk_Anomaly	42	1
108455	Killeen	B_Med_Risk	2045.14	Approved	2025-10-07 17:35:08.572768+00:00	24.08	Needs_Review	High_Risk_Anomaly	22	1
109550	Killeen	B_Med_Risk	2587.01	Pending_Review	2025-12-02 02:53:30.572768+00:00	999	Not_Applicable_Yet	High_Risk_Anomaly	64	1
100915	Killeen	B_Med_Risk	15332.43	Approved	2025-09-02 10:53:56.572768+00:00	11.33	On_Target	High_Risk_Anomaly	46	1
101964	Fort_Hood	B_Med_Risk	4951.87	Denied	2025-09-23 10:53:58.572768+00:00	22.91	Not_Applicable_Yet	High_Risk_Anomaly	55	1
109166	Temple	B_Med_Risk	6671.45	Approved	2025-09-30 10:28:52.572768+00:00	10.65	On_Target	High_Risk_Anomaly	41	1
101915	Waco	B_Med_Risk	3728.64	Approved	2025-08-19 18:41:55.572768+00:00	12.33	On_Target	High_Risk_Anomaly	24	1
101769	Killeen	B_Med_Risk	917.99	Denied	2025-10-14 01:46:50.572768+00:00	33.74	Not_Applicable_Yet	High_Risk_Anomaly	43	1
104159	Fort_Hood	B_Med_Risk	2637.14	Approved	2025-12-09 15:49:15.572768+00:00	14.17	On_Target	High_Risk_Anomaly	34	1
104021	Killeen	B_Med_Risk	3070.36	Approved	2025-07-29 12:05:01.572768+00:00	3.23	On_Target	High_Risk_Anomaly	32	1
104281	Waco	B_Med_Risk	1422.08	Approved	2025-09-09 22:46:25.572768+00:00	6.79	On_Target	High_Risk_Anomaly	32	1
104709	Fort_Hood	B_Med_Risk	4137.93	Approved	2025-09-23 10:29:11.572768+00:00	22.34	On_Target	High_Risk_Anomaly	42	1
105978	Fort_Hood	B_Med_Risk	1584.85	Pending_Review	2025-07-01 19:55:10.572768+00:00	999	Not_Applicable_Yet	High_Risk_Anomaly	54	1
109934	Killeen	B_Med_Risk	1276.02	Approved	2025-09-09 21:56:36.572768+00:00	12.92	On_Target	High_Risk_Anomaly	24	1
100209	Killeen	B_Med_Risk	756.8	Denied	2025-08-19 16:29:19.572768+00:00	44.14	Not_Applicable_Yet	High_Risk_Anomaly	54	1
102226	Killeen	B_Med_Risk	25000	Approved	2025-09-23 00:07:13.572768+00:00	2.59	On_Target	High_Risk_Anomaly	57	1
108562	Fort_Hood	B_Med_Risk	1108.41	Approved	2025-07-01 17:00:21.572768+00:00	40.54	Needs_Review	High_Risk_Anomaly	54	1
107852	Waco	B_Med_Risk	1105.71	Denied	2025-10-21 08:20:32.572768+00:00	18.66	Not_Applicable_Yet	High_Risk_Anomaly	22	1
108598	Fort_Hood	B_Med_Risk	888.63	Approved	2025-10-28 09:59:57.572768+00:00	9.04	On_Target	High_Risk_Anomaly	41	1
105995	Fort_Hood	B_Med_Risk	1604.19	Approved	2025-07-15 22:20:45.572768+00:00	14.23	On_Target	High_Risk_Anomaly	25	1
104858	Temple	B_Med_Risk	759.88	Approved	2025-10-28 10:50:54.572768+00:00	11.08	On_Target	High_Risk_Anomaly	42	1
106376	Waco	B_Med_Risk	912.72	Approved	2025-10-07 13:43:50.572768+00:00	9.9	On_Target	High_Risk_Anomaly	25	1
107491	Killeen	B_Med_Risk	2126.48	Approved	2025-08-19 10:01:48.572768+00:00	23.61	On_Target	High_Risk_Anomaly	44	1
105274	Fort_Hood	B_Med_Risk	1683.79	Approved	2025-08-19 13:53:11.572768+00:00	12.91	On_Target	High_Risk_Anomaly	27	1
106946	Killeen	A_Low_Risk	6740.07	Denied	2025-07-22 18:30:27.572768+00:00	55.36	Not_Applicable_Yet	High_Risk_Anomaly	46	1
109925	Killeen	A_Low_Risk	1238.61	Approved	2025-10-14 03:00:44.572768+00:00	32.55	Needs_Review	High_Risk_Anomaly	48	1
101202	Killeen	A_Low_Risk	2640.1	Approved	2025-10-07 08:08:35.572768+00:00	11.36	On_Target	High_Risk_Anomaly	35	1
107048	Killeen	A_Low_Risk	7409.66	Approved	2025-11-18 09:41:08.572768+00:00	20.18	On_Target	High_Risk_Anomaly	60	1
100762	Killeen	A_Low_Risk	1027.12	Approved	2025-09-30 12:27:42.572768+00:00	5.23	On_Target	High_Risk_Anomaly	53	1
108224	Killeen	A_Low_Risk	1074.66	Denied	2025-09-30 00:51:02.572768+00:00	15.69	Not_Applicable_Yet	High_Risk_Anomaly	44	1
105288	Killeen	A_Low_Risk	1458.87	Approved	2025-07-01 16:31:37.572768+00:00	26.49	Needs_Review	High_Risk_Anomaly	38	1
106076	Killeen	A_Low_Risk	1924.13	Pending_Review	2025-09-16 15:22:36.572768+00:00	999	Not_Applicable_Yet	High_Risk_Anomaly	25	1
104825	Killeen	A_Low_Risk	500	Approved	2025-09-23 12:42:37.572768+00:00	21.15	On_Target	High_Risk_Anomaly	43	1
102351	Temple	A_Low_Risk	4600.46	Approved	2025-08-12 23:40:10.572768+00:00	24.25	Needs_Review	High_Risk_Anomaly	29	1
102977	Killeen	A_Low_Risk	1313.1	Approved	2025-09-23 19:58:44.572768+00:00	5.1	On_Target	High_Risk_Anomaly	23	1
105226	Fort_Hood	A_Low_Risk	3089.21	Approved	2025-11-25 13:18:04.572768+00:00	31.46	Needs_Review	High_Risk_Anomaly	39	1
104633	Temple	A_Low_Risk	12853.48	Approved	2025-12-02 03:15:34.572768+00:00	12.23	On_Target	High_Risk_Anomaly	57	1
107983	Killeen	A_Low_Risk	3340.18	Approved	2025-12-09 06:45:06.572768+00:00	22.72	On_Target	High_Risk_Anomaly	50	1
104203	Round_Rock	A_Low_Risk	982.71	Denied	2025-11-11 10:05:44.572768+00:00	22.84	Not_Applicable_Yet	High_Risk_Anomaly	27	1
105364	Fort_Hood	A_Low_Risk	628.52	Approved	2025-10-28 14:19:38.572768+00:00	6.63	On_Target	High_Risk_Anomaly	50	1
100166	Killeen	A_Low_Risk	3409.66	Denied	2025-08-12 21:09:31.572768+00:00	18.74	Not_Applicable_Yet	High_Risk_Anomaly	53	1
109804	Fort_Hood	A_Low_Risk	1277.48	Approved	2025-09-23 17:58:00.572768+00:00	7.58	On_Target	High_Risk_Anomaly	49	1
100131	Killeen	A_Low_Risk	500	Approved	2025-11-25 02:57:33.572768+00:00	9.99	On_Target	High_Risk_Anomaly	27	1
105691	Killeen	A_Low_Risk	646.99	Approved	2025-12-02 05:17:58.572768+00:00	5.65	On_Target	High_Risk_Anomaly	58	1
102864	Killeen	A_Low_Risk	3138.03	Approved	2025-12-02 04:47:13.572768+00:00	2.7	On_Target	High_Risk_Anomaly	57	1
105921	Round_Rock	A_Low_Risk	5267.31	Denied	2025-09-30 04:08:55.572768+00:00	19.05	Not_Applicable_Yet	High_Risk_Anomaly	32	1
106053	Killeen	A_Low_Risk	500	Pending_Review	2025-09-09 16:19:42.572768+00:00	999	Not_Applicable_Yet	High_Risk_Anomaly	40	1
107986	Waco	A_Low_Risk	10113.09	Denied	2025-11-11 22:19:52.572768+00:00	14.18	Not_Applicable_Yet	High_Risk_Anomaly	52	1
103773	Waco	A_Low_Risk	915.09	Approved	2025-07-08 21:00:30.572768+00:00	15.45	On_Target	High_Risk_Anomaly	34	1
107587	Waco	A_Low_Risk	12717.31	Approved	2025-11-18 06:26:45.572768+00:00	12.34	On_Target	High_Risk_Anomaly	61	1
109896	Waco	D_Missing_Risk	4049.85	Denied	2025-07-30 22:03:21.572768+00:00	84.08	Not_Applicable_Yet	High_Risk_Anomaly	50	1
102678	Killeen	D_Missing_Risk	6181.55	Approved	2025-08-06 00:08:21.572768+00:00	12.75	On_Target	High_Risk_Anomaly	39	1
102441	Fort_Hood	C_High_Risk	2293.49	Denied	2025-07-23 23:00:27.572768+00:00	39.07	Not_Applicable_Yet	High_Risk_Anomaly	40	1
102457	Fort_Hood	C_High_Risk	10001.04	Approved	2025-09-17 14:01:03.572768+00:00	24.46	Needs_Review	High_Risk_Anomaly	56	1
106277	Killeen	C_High_Risk	20550.19	Approved	2025-11-19 11:50:54.572768+00:00	6.18	On_Target	High_Risk_Anomaly	64	1
102638	Round_Rock	C_High_Risk	9533.1	Approved	2025-09-10 05:02:22.572768+00:00	6.21	On_Target	High_Risk_Anomaly	28	1
104465	Killeen	C_High_Risk	733.84	Denied	2025-07-23 07:57:52.572768+00:00	32.7	Not_Applicable_Yet	High_Risk_Anomaly	39	1
108715	Waco	C_High_Risk	500	Denied	2025-11-12 05:21:44.572768+00:00	64.17	Not_Applicable_Yet	High_Risk_Anomaly	33	1
103127	Killeen	C_High_Risk	1965.36	Approved	2025-08-06 14:29:44.572768+00:00	19.67	On_Target	High_Risk_Anomaly	62	1
100706	Killeen	C_High_Risk	11543.56	Approved	2025-10-01 11:33:24.572768+00:00	3.74	On_Target	High_Risk_Anomaly	40	1
100543	Fort_Hood	C_High_Risk	2613.22	Approved	2025-08-06 22:10:05.572768+00:00	13.43	On_Target	High_Risk_Anomaly	52	1
105115	Fort_Hood	C_High_Risk	591.32	Approved	2025-10-15 12:28:11.572768+00:00	9.73	On_Target	High_Risk_Anomaly	59	1
109933	Killeen	C_High_Risk	10151.77	Pending_Review	2025-07-30 23:05:17.572768+00:00	999	Not_Applicable_Yet	High_Risk_Anomaly	22	1
100780	Fort_Hood	C_High_Risk	2024.84	Approved	2025-08-13 04:30:31.572768+00:00	25.66	Needs_Review	High_Risk_Anomaly	26	1
108592	Killeen	C_High_Risk	14977.86	Pending_Review	2025-07-30 10:55:52.572768+00:00	999	Not_Applicable_Yet	High_Risk_Anomaly	56	1
108170	Waco	C_High_Risk	1031.87	Approved	2025-07-23 03:19:06.572768+00:00	12.47	On_Target	High_Risk_Anomaly	37	1
107844	Waco	C_High_Risk	855.46	Approved	2025-12-03 02:37:23.572768+00:00	7.13	On_Target	High_Risk_Anomaly	25	1
107569	Killeen	C_High_Risk	778.99	Denied	2025-11-12 00:09:28.572768+00:00	29.36	Not_Applicable_Yet	High_Risk_Anomaly	40	1
107260	Killeen	C_High_Risk	500	Approved	2025-12-10 01:44:10.572768+00:00	29.22	Needs_Review	High_Risk_Anomaly	23	1
103026	Temple	C_High_Risk	1009.72	Approved	2025-07-23 20:10:57.572768+00:00	8.7	On_Target	High_Risk_Anomaly	34	1
106163	Killeen	C_High_Risk	4659.67	Denied	2025-10-08 10:07:03.572768+00:00	64.63	Not_Applicable_Yet	High_Risk_Anomaly	36	1
109641	Fort_Hood	C_High_Risk	19322.53	Approved	2025-08-20 13:44:12.572768+00:00	3.48	On_Target	High_Risk_Anomaly	51	1
103597	Fort_Hood	C_High_Risk	2142.78	Approved	2025-10-29 17:58:48.572768+00:00	26.48	Needs_Review	High_Risk_Anomaly	41	1
104028	Waco	C_High_Risk	4093.35	Denied	2025-09-10 20:50:39.572768+00:00	33.53	Not_Applicable_Yet	High_Risk_Anomaly	47	1
107907	Waco	C_High_Risk	3461.99	Denied	2025-07-23 00:27:49.572768+00:00	21.28	Not_Applicable_Yet	High_Risk_Anomaly	46	1
108747	Killeen	C_High_Risk	2652.08	Approved	2025-08-27 23:41:41.572768+00:00	12.35	On_Target	High_Risk_Anomaly	36	1
107035	Waco	C_High_Risk	5792.18	Approved	2025-11-05 16:42:08.572768+00:00	10.33	On_Target	High_Risk_Anomaly	31	1
107747	Waco	B_Med_Risk	23677.95	Approved	2025-11-19 05:25:17.572768+00:00	3.95	On_Target	High_Risk_Anomaly	26	1
105745	Fort_Hood	B_Med_Risk	3265.91	Approved	2025-07-30 15:22:52.572768+00:00	16.94	On_Target	High_Risk_Anomaly	47	1
101418	Fort_Hood	B_Med_Risk	2023.22	Denied	2025-09-10 06:59:32.572768+00:00	43.09	Not_Applicable_Yet	High_Risk_Anomaly	62	1
109034	Fort_Hood	B_Med_Risk	13925.43	Approved	2025-09-10 06:21:11.572768+00:00	1.86	On_Target	High_Risk_Anomaly	59	1
104991	Fort_Hood	B_Med_Risk	12784.45	Approved	2025-08-13 16:44:55.572768+00:00	6.28	On_Target	High_Risk_Anomaly	36	1
102086	Killeen	B_Med_Risk	747.18	Approved	2025-07-23 11:22:57.572768+00:00	13.98	On_Target	High_Risk_Anomaly	63	1
109586	Killeen	B_Med_Risk	22155.94	Approved	2025-08-20 08:29:01.572768+00:00	9.08	On_Target	High_Risk_Anomaly	47	1
109902	Killeen	B_Med_Risk	1002.03	Denied	2025-11-12 04:31:27.572768+00:00	58.88	Not_Applicable_Yet	High_Risk_Anomaly	36	1
104486	Killeen	B_Med_Risk	500	Approved	2025-09-10 05:37:26.572768+00:00	9.48	On_Target	High_Risk_Anomaly	43	1
106078	Fort_Hood	B_Med_Risk	7591.4	Approved	2025-12-03 20:42:58.572768+00:00	13.57	On_Target	High_Risk_Anomaly	41	1
105755	Killeen	B_Med_Risk	1538.25	Approved	2025-07-30 15:22:48.572768+00:00	14.78	On_Target	High_Risk_Anomaly	26	1
105495	Killeen	B_Med_Risk	1816.91	Denied	2025-09-10 23:43:36.572768+00:00	44.28	Not_Applicable_Yet	High_Risk_Anomaly	59	1
109393	Waco	B_Med_Risk	3630.99	Pending_Review	2025-08-13 17:57:27.572768+00:00	999	Not_Applicable_Yet	High_Risk_Anomaly	59	1
101924	Waco	B_Med_Risk	883.11	Approved	2025-10-29 09:36:52.572768+00:00	18.17	On_Target	High_Risk_Anomaly	32	1
107049	Fort_Hood	B_Med_Risk	2649.22	Approved	2025-11-05 23:26:26.572768+00:00	14.66	On_Target	High_Risk_Anomaly	35	1
105455	Killeen	B_Med_Risk	22233.35	Approved	2025-10-01 04:44:59.572768+00:00	27.55	Needs_Review	High_Risk_Anomaly	61	1
103303	Killeen	B_Med_Risk	1062.71	Denied	2025-09-24 14:04:21.572768+00:00	33.14	Not_Applicable_Yet	High_Risk_Anomaly	52	1
104401	Fort_Hood	B_Med_Risk	3107.29	Approved	2025-07-23 01:01:45.572768+00:00	20.19	On_Target	High_Risk_Anomaly	48	1
107733	Waco	B_Med_Risk	2607.05	Approved	2025-09-17 11:33:35.572768+00:00	14.92	On_Target	High_Risk_Anomaly	31	1
108320	Killeen	B_Med_Risk	4627.37	Denied	2025-12-10 00:22:24.572768+00:00	71.51	Not_Applicable_Yet	High_Risk_Anomaly	25	1
105307	Killeen	B_Med_Risk	19038.19	Approved	2025-12-03 00:36:13.572768+00:00	14.16	On_Target	High_Risk_Anomaly	46	1
107029	Killeen	B_Med_Risk	2545.2	Approved	2025-08-06 12:28:27.572768+00:00	18.3	On_Target	High_Risk_Anomaly	53	1
104431	Fort_Hood	B_Med_Risk	1337.22	Denied	2025-09-17 11:13:19.572768+00:00	20.49	Not_Applicable_Yet	High_Risk_Anomaly	25	1
109582	Killeen	B_Med_Risk	16505.99	Approved	2025-10-29 19:17:33.572768+00:00	34.31	Needs_Review	High_Risk_Anomaly	43	1
103646	Fort_Hood	B_Med_Risk	5770.81	Approved	2025-10-29 02:16:20.572768+00:00	16.48	On_Target	High_Risk_Anomaly	61	1
106039	Temple	B_Med_Risk	501.48	Denied	2025-10-22 01:47:36.572768+00:00	6.18	Not_Applicable_Yet	High_Risk_Anomaly	32	1
106055	Fort_Hood	B_Med_Risk	2319.17	Approved	2025-10-08 01:01:36.572768+00:00	8.22	On_Target	High_Risk_Anomaly	25	1
100232	Fort_Hood	B_Med_Risk	17285.1	Approved	2025-07-30 06:58:19.572768+00:00	9.57	On_Target	High_Risk_Anomaly	30	1
109677	Killeen	B_Med_Risk	1669.4	Approved	2025-11-05 23:53:18.572768+00:00	28.33	Needs_Review	High_Risk_Anomaly	61	1
106284	Killeen	B_Med_Risk	2270.99	Approved	2025-07-16 06:23:15.572768+00:00	17.98	On_Target	High_Risk_Anomaly	53	1
105870	Killeen	B_Med_Risk	1532.84	Approved	2025-10-22 13:59:41.572768+00:00	12.42	On_Target	High_Risk_Anomaly	55	1
102734	Temple	B_Med_Risk	6542.63	Denied	2025-11-12 17:38:42.572768+00:00	23.42	Not_Applicable_Yet	High_Risk_Anomaly	30	1
106430	Waco	B_Med_Risk	17920.23	Approved	2025-10-08 15:45:45.572768+00:00	18.58	On_Target	High_Risk_Anomaly	59	1
109578	Killeen	B_Med_Risk	2485.62	Denied	2025-10-01 15:59:51.572768+00:00	25.44	Not_Applicable_Yet	High_Risk_Anomaly	30	1
104725	Killeen	B_Med_Risk	1058.83	Approved	2025-07-09 18:48:32.572768+00:00	3.02	On_Target	High_Risk_Anomaly	53	1
109914	Fort_Hood	B_Med_Risk	2712.23	Approved	2025-07-30 13:55:51.572768+00:00	12.37	On_Target	High_Risk_Anomaly	52	1
109559	Fort_Hood	B_Med_Risk	2456.04	Pending_Review	2025-08-20 23:36:25.572768+00:00	999	Not_Applicable_Yet	High_Risk_Anomaly	24	1
101901	Killeen	B_Med_Risk	3149.69	Approved	2025-08-20 23:44:40.572768+00:00	13.44	On_Target	High_Risk_Anomaly	31	1
109630	Killeen	B_Med_Risk	3574.41	Approved	2025-11-12 08:03:09.572768+00:00	11.25	On_Target	High_Risk_Anomaly	35	1
103668	Killeen	B_Med_Risk	846.44	Approved	2025-10-01 02:45:47.572768+00:00	23.3	On_Target	High_Risk_Anomaly	38	1
109987	Killeen	B_Med_Risk	867.8	Denied	2025-08-27 21:51:24.572768+00:00	51.06	Not_Applicable_Yet	High_Risk_Anomaly	39	1
109636	Temple	A_Low_Risk	1361.3	Denied	2025-07-23 16:26:44.572768+00:00	60.62	Not_Applicable_Yet	High_Risk_Anomaly	32	1
104322	Fort_Hood	A_Low_Risk	11852.23	Pending_Review	2025-07-09 19:58:25.572768+00:00	999	Not_Applicable_Yet	High_Risk_Anomaly	47	1
108795	Killeen	A_Low_Risk	4864.94	Denied	2025-12-03 12:20:37.572768+00:00	31.9	Not_Applicable_Yet	High_Risk_Anomaly	56	1
103255	Killeen	A_Low_Risk	3141.41	Approved	2025-11-19 12:21:08.572768+00:00	24.01	Needs_Review	High_Risk_Anomaly	53	1
102580	Killeen	A_Low_Risk	799.11	Approved	2025-09-10 14:17:45.572768+00:00	24.06	Needs_Review	High_Risk_Anomaly	29	1
103746	Fort_Hood	A_Low_Risk	11830.25	Denied	2025-09-03 10:17:41.572768+00:00	1.36	Not_Applicable_Yet	High_Risk_Anomaly	25	1
106686	Killeen	A_Low_Risk	1672.95	Approved	2025-11-26 06:21:35.572768+00:00	4.92	On_Target	High_Risk_Anomaly	36	1
108185	Killeen	A_Low_Risk	2866.58	Approved	2025-10-15 06:34:30.572768+00:00	5.47	On_Target	High_Risk_Anomaly	51	1
100115	Temple	A_Low_Risk	1301.11	Approved	2025-06-25 23:39:29.572768+00:00	25.6	Needs_Review	High_Risk_Anomaly	53	1
107935	Killeen	A_Low_Risk	926.69	Denied	2025-07-09 12:04:49.572768+00:00	23.89	Not_Applicable_Yet	High_Risk_Anomaly	27	1
107522	Fort_Hood	A_Low_Risk	10813.47	Approved	2025-10-29 13:12:54.572768+00:00	15.77	On_Target	High_Risk_Anomaly	64	1
109408	Killeen	A_Low_Risk	1945.62	Approved	2025-09-03 06:41:58.572768+00:00	15.74	On_Target	High_Risk_Anomaly	26	1
102340	Waco	A_Low_Risk	500	Approved	2025-12-03 14:06:31.572768+00:00	6.49	On_Target	High_Risk_Anomaly	44	1
100950	Fort_Hood	A_Low_Risk	4581.62	Approved	2025-12-03 12:37:48.572768+00:00	16.41	On_Target	High_Risk_Anomaly	47	1
102664	Fort_Hood	A_Low_Risk	9108.42	Approved	2025-09-10 16:08:12.572768+00:00	23.67	On_Target	High_Risk_Anomaly	50	1

